attendance_id,employee_id,month,working_days,present_days,leave_days,overtime_hours
AT00001,EMP0003,2026/01/01,20 ,20 ,0 ,8 
AT00002,EMP0003,2026/02/01,22 ,18 ,4 ,9 
AT00003,EMP0003,2026/03/01,20 ,20 ,0 ,14 
AT00004,EMP0003,2026/04/01,20 ,19 ,1 ,14 
AT00005,EMP0003,2026/05/01,20 ,20 ,0 ,13 
AT00006,EMP0003,2026/06/01,22 ,22 ,0 ,12 
AT00007,EMP0003,2026/07/01,20 ,20 ,0 ,13 
AT00008,EMP0003,2026/08/01,22 ,20 ,2 ,15 
AT00009,EMP0004,2026/01/01,20 ,19 ,1 ,17 
AT00010,EMP0004,2026/02/01,21 ,21 ,0 ,7 
AT00011,EMP0004,2026/03/01,22 ,21 ,1 ,48 
AT00012,EMP0004,2026/04/01,21 ,20 ,1 ,8 
AT00013,EMP0004,2026/05/01,21 ,20 ,1 ,9 
AT00014,EMP0004,2026/06/01,20 ,18 ,2 ,0 
AT00015,EMP0004,2026/07/01,21 ,20 ,1 ,27 
AT00016,EMP0004,2026/08/01,23 ,23 ,0 ,14 
AT00017,EMP0005,2026/01/01,20 ,19 ,1 ,3 
AT00018,EMP0005,2026/02/01,22 ,21 ,1 ,6 
AT00019,EMP0005,2026/03/01,21 ,19 ,2 ,20 
AT00020,EMP0005,2026/04/01,23 ,22 ,1 ,0 
AT00021,EMP0005,2026/05/01,20 ,20 ,30 ,13 
AT00022,EMP0005,2026/06/01,23 ,21 ,2 ,11 
AT00023,EMP0005,2026/07/01,22 ,20 ,2 ,3 
AT00024,EMP0005,2026/08/01,22 ,21 ,1 ,22 
AT00025,EMP0007,2026/01/01,20 ,18 ,2 ,17 
AT00026,EMP0007,2026/02/01,21 ,19 ,2 ,7 
AT00027,EMP0007,2026/03/01,23 ,20 ,3 ,18 
AT00028,EMP0007,2026/04/01,20 ,19 ,1 ,6 
AT00029,EMP0007,2026/05/01,23 ,21 ,2 ,12 
AT00030,EMP0007,2026/06/01,20 ,20 ,0 ,13 
AT00031,EMP0007,2026/07/01,20 ,20 ,0 ,4 
AT00032,EMP0007,2026/08/01,20 ,19 ,1 ,14 
AT00033,EMP0008,2026/01/01,23 ,23 ,0 ,7 
AT00034,EMP0008,2026/02/01,21 ,19 ,2 ,0 
AT00035,EMP0008,2026/03/01,21 ,19 ,2 ,2 
AT00036,EMP0008,2026/04/01,20 ,18 ,2 ,8 
AT00037,EMP0008,2026/05/01,20 ,18 ,2 ,21 
AT00038,EMP0008,2026/06/01,22 ,20 ,2 ,7 
AT00039,EMP0008,2026/07/01,22 ,19 ,3 ,7 
AT00040,EMP0008,2026/08/01,23 ,22 ,1 ,15 
AT00041,EMP0009,2026/01/01,22 ,22 ,0 ,4 
AT00042,EMP0009,2026/02/01,22 ,21 ,1 ,7 
AT00043,EMP0009,2026/03/01,22 ,21 ,1 ,11 
AT00044,EMP0009,2026/04/01,22 ,19 ,3 ,12 
AT00045,EMP0009,2026/05/01,23 ,22 ,1 ,12 
AT00046,EMP0009,2026/06/01,23 ,22 ,1 ,16 
AT00047,EMP0009,2026/07/01,21 ,20 ,1 ,7 
AT00048,EMP0009,2026/08/01,20 ,19 ,1 ,15 
AT00049,EMP0010,2026/01/01,21 ,20 ,1 ,14 
AT00050,EMP0010,2026/02/01,21 ,20 ,1 ,2 
AT00051,EMP0010,2026/03/01,21 ,20 ,1 ,5 
AT00052,EMP0010,2026/04/01,21 ,21 ,0 ,16 
AT00053,EMP0010,2026/05/01,22 ,21 ,1 ,19 
AT00054,EMP0010,2026/06/01,20 ,20 ,0 ,8 
AT00055,EMP0010,2026/07/01,22 ,20 ,2 ,15 
AT00056,EMP0010,2026/08/01,23 ,23 ,0 ,3 
AT00057,EMP0011,2026/01/01,22 ,21 ,1 ,0 
AT00058,EMP0011,2026/02/01,20 ,16 ,4 ,7 
AT00059,EMP0011,2026/03/01,23 ,23 ,0 ,5 
AT00060,EMP0011,2026/04/01,20 ,18 ,2 ,8 
AT00061,EMP0011,2026/05/01,22 ,20 ,2 ,14 
AT00062,EMP0011,2026/06/01,21 ,19 ,2 ,10 
AT00063,EMP0011,2026/07/01,21 ,21 ,0 ,17 
AT00064,EMP0011,2026/08/01,20 ,17 ,3 ,11 
AT00065,EMP0012,2026/01/01,22 ,21 ,1 ,0 
AT00066,EMP0012,2026/02/01,22 ,22 ,0 ,13 
AT00067,EMP0012,2026/03/01,23 ,21 ,2 ,4 
AT00068,EMP0012,2026/04/01,21 ,21 ,0 ,6 
AT00069,EMP0012,2026/05/01,21 ,18 ,3 ,7 
AT00070,EMP0012,2026/06/01,23 ,21 ,2 ,15 
AT00071,EMP0012,2026/07/01,23 ,22 ,1 ,7 
AT00072,EMP0012,2026/08/01,21 ,20 ,1 ,21 
AT00073,EMP0013,2026/01/01,20 ,19 ,1 ,17 
AT00074,EMP0013,2026/02/01,21 ,17 ,4 ,3 
AT00075,EMP0013,2026/03/01,21 ,20 ,1 ,7 
AT00076,EMP0013,2026/04/01,20 ,20 ,0 ,0 
AT00077,EMP0013,2026/05/01,22 ,21 ,1 ,5 
AT00078,EMP0013,2026/06/01,22 ,21 ,1 ,10 
AT00079,EMP0013,2026/07/01,20 ,18 ,2 ,0 
AT00080,EMP0013,2026/08/01,22 ,22 ,0 ,4 
AT00081,EMP0014,2026/01/01,21 ,21 ,0 ,2 
AT00082,EMP0014,2026/02/01,23 ,20 ,3 ,9 
AT00083,EMP0014,2026/03/01,23 ,20 ,3 ,6 
AT00084,EMP0014,2026/04/01,21 ,21 ,0 ,13 
AT00085,EMP0014,2026/05/01,20 ,18 ,2 ,15 
AT00086,EMP0014,2026/06/01,21 ,20 ,1 ,10 
AT00087,EMP0014,2026/07/01,21 ,20 ,1 ,7 
AT00088,EMP0014,2026/08/01,23 ,22 ,1 ,0 
AT00089,EMP0015,2026/01/01,23 ,23 ,0 ,17 
AT00090,EMP0015,2026/02/01,21 ,19 ,2 ,0 
AT00091,EMP0015,2026/03/01,23 ,21 ,2 ,0 
AT00092,EMP0015,2026/04/01,20 ,19 ,1 ,12 
AT00093,EMP0015,2026/05/01,20 ,18 ,2 ,0 
AT00094,EMP0015,2026/06/01,23 ,22 ,1 ,18 
AT00095,EMP0015,2026/07/01,21 ,21 ,0 ,4 
AT00096,EMP0015,2026/08/01,20 ,20 ,0 ,16 
AT00097,EMP0016,2026/01/01,21 ,20 ,1 ,6 
AT00098,EMP0016,2026/02/01,23 ,21 ,2 ,1 
AT00099,EMP0016,2026/03/01,20 ,18 ,2 ,0 
AT00100,EMP0016,2026/04/01,22 ,18 ,4 ,7 
AT00101,EMP0016,2026/05/01,23 ,20 ,3 ,5 
AT00102,EMP0016,2026/06/01,22 ,20 ,2 ,3 
AT00103,EMP0016,2026/07/01,21 ,19 ,2 ,12 
AT00104,EMP0016,2026/08/01,23 ,21 ,2 ,0 
AT00105,EMP0017,2026/01/01,20 ,18 ,2 ,8 
AT00106,EMP0017,2026/02/01,22 ,22 ,0 ,3 
AT00107,EMP0017,2026/03/01,20 ,19 ,1 ,9 
AT00108,EMP0017,2026/04/01,21 ,20 ,1 ,21 
AT00109,EMP0017,2026/05/01,21 ,20 ,1 ,20 
AT00110,EMP0017,2026/06/01,21 ,21 ,0 ,12 
AT00111,EMP0017,2026/07/01,21 ,20 ,1 ,8 
AT00112,EMP0017,2026/08/01,23 ,23 ,0 ,21 
AT00113,EMP0018,2026/01/01,20 ,18 ,2 ,18 
AT00114,EMP0018,2026/02/01,22 ,21 ,1 ,17 
AT00115,EMP0018,2026/03/01,21 ,19 ,2 ,19 
AT00116,EMP0018,2026/04/01,22 ,22 ,0 ,1 
AT00117,EMP0018,2026/05/01,21 ,20 ,1 ,18 
AT00118,EMP0018,2026/06/01,22 ,22 ,0 ,0 
AT00119,EMP0018,2026/07/01,21 ,19 ,2 ,11 
AT00120,EMP0018,2026/08/01,23 ,22 ,1 ,0 
AT00121,EMP0019,2026/01/01,20 ,19 ,1 ,1 
AT00122,EMP0019,2026/02/01,23 ,21 ,2 ,9 
AT00123,EMP0019,2026/03/01,22 ,22 ,0 ,10 
AT00124,EMP0019,2026/04/01,20 ,18 ,2 ,15 
AT00125,EMP0019,2026/05/01,20 ,20 ,0 ,13 
AT00126,EMP0019,2026/06/01,22 ,21 ,1 ,7 
AT00127,EMP0019,2026/07/01,22 ,21 ,1 ,4 
AT00128,EMP0019,2026/08/01,22 ,22 ,0 ,5 
AT00129,EMP0020,2026/01/01,20 ,19 ,1 ,17 
AT00130,EMP0020,2026/02/01,20 ,19 ,1 ,10 
AT00131,EMP0020,2026/03/01,23 ,19 ,4 ,8 
AT00132,EMP0020,2026/04/01,22 ,20 ,2 ,27 
AT00133,EMP0020,2026/05/01,22 ,21 ,1 ,21 
AT00134,EMP0020,2026/06/01,23 ,20 ,3 ,21 
AT00135,EMP0020,2026/07/01,22 ,20 ,2 ,3 
AT00136,EMP0020,2026/08/01,21 ,21 ,0 ,12 
AT00137,EMP0021,2026/01/01,22 ,21 ,1 ,9 
AT00138,EMP0021,2026/02/01,23 ,22 ,1 ,0 
AT00139,EMP0021,2026/03/01,22 ,21 ,1 ,11 
AT00140,EMP0021,2026/04/01,21 ,20 ,1 ,8 
AT00141,EMP0021,2026/05/01,20 ,17 ,3 ,11 
AT00142,EMP0021,2026/06/01,22 ,21 ,1 ,3 
AT00143,EMP0021,2026/07/01,21 ,21 ,0 ,3 
AT00144,EMP0021,2026/08/01,23 ,22 ,1 ,0 
AT00145,EMP0022,2026/01/01,20 ,20 ,0 ,23 
AT00146,EMP0022,2026/02/01,20 ,19 ,1 ,17 
AT00147,EMP0022,2026/03/01,23 ,21 ,2 ,18 
AT00148,EMP0022,2026/04/01,22 ,22 ,0 ,20 
AT00149,EMP0022,2026/05/01,22 ,22 ,0 ,11 
AT00150,EMP0022,2026/06/01,20 ,20 ,0 ,13 
AT00151,EMP0022,2026/07/01,21 ,19 ,2 ,12 
AT00152,EMP0022,2026/08/01,23 ,20 ,3 ,8 
AT00153,EMP0023,2026/01/01,22 ,22 ,0 ,8 
AT00154,EMP0023,2026/02/01,21 ,21 ,0 ,16 
AT00155,EMP0023,2026/03/01,22 ,21 ,1 ,16 
AT00156,EMP0023,2026/04/01,23 ,22 ,1 ,10 
AT00157,EMP0023,2026/05/01,20 ,18 ,2 ,17 
AT00158,EMP0023,2026/06/01,21 ,21 ,0 ,10 
AT00159,EMP0023,2026/07/01,20 ,20 ,0 ,3 
AT00160,EMP0023,2026/08/01,22 ,19 ,3 ,1 
AT00161,EMP0024,2026/01/01,22 ,19 ,3 ,4 
AT00162,EMP0024,2026/02/01,22 ,20 ,2 ,12 
AT00163,EMP0024,2026/03/01,21 ,18 ,3 ,24 
AT00164,EMP0024,2026/04/01,23 ,22 ,1 ,2 
AT00165,EMP0024,2026/05/01,20 ,19 ,1 ,10 
AT00166,EMP0024,2026/06/01,22 ,21 ,1 ,19 
AT00167,EMP0024,2026/07/01,23 ,21 ,2 ,17 
AT00168,EMP0024,2026/08/01,22 ,21 ,1 ,17 
AT00169,EMP0025,2026/01/01,21 ,21 ,0 ,9 
AT00170,EMP0025,2026/02/01,23 ,21 ,2 ,0 
AT00171,EMP0025,2026/03/01,23 ,20 ,3 ,0 
AT00172,EMP0025,2026/04/01,23 ,23 ,0 ,10 
AT00173,EMP0025,2026/05/01,22 ,21 ,1 ,11 
AT00174,EMP0025,2026/06/01,20 ,20 ,0 ,15 
AT00175,EMP0025,2026/07/01,21 ,19 ,2 ,0 
AT00176,EMP0025,2026/08/01,22 ,21 ,1 ,10 
AT00177,EMP0026,2026/01/01,20 ,17 ,3 ,10 
AT00178,EMP0026,2026/02/01,21 ,20 ,1 ,2 
AT00179,EMP0026,2026/03/01,20 ,20 ,0 ,0 
AT00180,EMP0026,2026/04/01,21 ,18 ,3 ,0 
AT00181,EMP0026,2026/05/01,21 ,21 ,0 ,18 
AT00182,EMP0026,2026/06/01,20 ,20 ,0 ,24 
AT00183,EMP0026,2026/07/01,22 ,20 ,2 ,7 
AT00184,EMP0026,2026/08/01,21 ,21 ,0 ,4 
AT00185,EMP0027,2026/01/01,20 ,19 ,1 ,9 
AT00186,EMP0027,2026/02/01,23 ,23 ,0 ,14 
AT00187,EMP0027,2026/03/01,22 ,22 ,0 ,0 
AT00188,EMP0027,2026/04/01,23 ,23 ,0 ,13 
AT00189,EMP0027,2026/05/01,21 ,19 ,2 ,10 
AT00190,EMP0027,2026/06/01,22 ,21 ,1 ,2 
AT00191,EMP0027,2026/07/01,22 ,21 ,1 ,12 
AT00192,EMP0027,2026/08/01,20 ,17 ,3 ,12 
AT00193,EMP0028,2026/01/01,20 ,20 ,0 ,0 
AT00194,EMP0028,2026/02/01,21 ,19 ,2 ,7 
AT00195,EMP0028,2026/03/01,22 ,22 ,0 ,6 
AT00196,EMP0028,2026/04/01,21 ,19 ,2 ,1 
AT00197,EMP0028,2026/05/01,23 ,22 ,1 ,17 
AT00198,EMP0028,2026/06/01,21 ,18 ,3 ,8 
AT00199,EMP0028,2026/07/01,20 ,20 ,0 ,12 
AT00200,EMP0028,2026/08/01,22 ,17 ,5 ,3 
AT00201,EMP0029,2026/01/01,23 ,23 ,0 ,9 
AT00202,EMP0029,2026/02/01,23 ,20 ,3 ,3 
AT00203,EMP0029,2026/03/01,21 ,20 ,1 ,0 
AT00204,EMP0029,2026/04/01,20 ,19 ,1 ,6 
AT00205,EMP0029,2026/05/01,21 ,20 ,1 ,10 
AT00206,EMP0029,2026/06/01,23 ,23 ,0 ,13 
AT00207,EMP0029,2026/07/01,23 ,23 ,0 ,4 
AT00208,EMP0029,2026/08/01,23 ,22 ,1 ,23 
AT00209,EMP0030,2026/01/01,21 ,19 ,2 ,5 
AT00210,EMP0030,2026/02/01,21 ,21 ,0 ,5 
AT00211,EMP0030,2026/03/01,23 ,22 ,1 ,0 
AT00212,EMP0030,2026/04/01,21 ,19 ,2 ,11 
AT00213,EMP0030,2026/05/01,20 ,18 ,2 ,9 
AT00214,EMP0030,2026/06/01,20 ,20 ,0 ,23 
AT00215,EMP0030,2026/07/01,22 ,21 ,1 ,12 
AT00216,EMP0030,2026/08/01,20 ,19 ,1 ,10 
AT00217,EMP0031,2026/01/01,23 ,22 ,1 ,12 
AT00218,EMP0031,2026/02/01,20 ,19 ,1 ,14 
AT00219,EMP0031,2026/03/01,21 ,20 ,1 ,28 
AT00220,EMP0031,2026/04/01,20 ,20 ,0 ,8 
AT00221,EMP0031,2026/05/01,22 ,20 ,2 ,3 
AT00222,EMP0031,2026/06/01,22 ,22 ,0 ,11 
AT00223,EMP0031,2026/07/01,21 ,20 ,1 ,9 
AT00224,EMP0031,2026/08/01,23 ,20 ,3 ,4 
AT00225,EMP0032,2026/01/01,22 ,22 ,0 ,23 
AT00226,EMP0032,2026/02/01,20 ,20 ,0 ,3 
AT00227,EMP0032,2026/03/01,21 ,20 ,1 ,12 
AT00228,EMP0032,2026/04/01,20 ,19 ,1 ,14 
AT00229,EMP0032,2026/05/01,23 ,22 ,1 ,1 
AT00230,EMP0032,2026/06/01,23 ,22 ,1 ,5 
AT00231,EMP0032,2026/07/01,20 ,19 ,1 ,0 
AT00232,EMP0032,2026/08/01,20 ,19 ,1 ,7 
AT00233,EMP0033,2026/01/01,22 ,21 ,1 ,11 
AT00234,EMP0033,2026/02/01,23 ,22 ,1 ,6 
AT00235,EMP0033,2026/03/01,23 ,22 ,1 ,4 
AT00236,EMP0033,2026/04/01,22 ,22 ,0 ,8 
AT00237,EMP0033,2026/05/01,21 ,20 ,1 ,0 
AT00238,EMP0033,2026/06/01,22 ,18 ,4 ,8 
AT00239,EMP0033,2026/07/01,23 ,23 ,0 ,5 
AT00240,EMP0033,2026/08/01,21 ,16 ,5 ,11 
AT00241,EMP0034,2026/01/01,20 ,20 ,0 ,0 
AT00242,EMP0034,2026/02/01,22 ,20 ,2 ,19 
AT00243,EMP0034,2026/03/01,22 ,21 ,1 ,4 
AT00244,EMP0034,2026/04/01,20 ,18 ,2 ,4 
AT00245,EMP0034,2026/05/01,23 ,22 ,1 ,13 
AT00246,EMP0034,2026/06/01,21 ,20 ,1 ,17 
AT00247,EMP0034,2026/07/01,20 ,20 ,0 ,10 
AT00248,EMP0034,2026/08/01,21 ,19 ,2 ,17 
AT00249,EMP0035,2026/01/01,20 ,18 ,2 ,8 
AT00250,EMP0035,2026/02/01,22 ,21 ,1 ,2 
AT00251,EMP0035,2026/03/01,21 ,19 ,2 ,9 
AT00252,EMP0035,2026/04/01,21 ,20 ,1 ,10 
AT00253,EMP0035,2026/05/01,23 ,22 ,1 ,14 
AT00254,EMP0035,2026/06/01,23 ,21 ,2 ,2 
AT00255,EMP0035,2026/07/01,21 ,19 ,2 ,16 
AT00256,EMP0035,2026/08/01,20 ,20 ,0 ,0 
AT00257,EMP0036,2026/01/01,23 ,22 ,1 ,11 
AT00258,EMP0036,2026/02/01,21 ,20 ,1 ,3 
AT00259,EMP0036,2026/03/01,20 ,19 ,1 ,10 
AT00260,EMP0036,2026/04/01,22 ,18 ,4 ,0 
AT00261,EMP0036,2026/05/01,20 ,19 ,1 ,10 
AT00262,EMP0036,2026/06/01,23 ,22 ,1 ,0 
AT00263,EMP0036,2026/07/01,23 ,22 ,1 ,1 
AT00264,EMP0036,2026/08/01,21 ,19 ,2 ,7 
AT00265,EMP0037,2026/01/01,20 ,20 ,0 ,4 
AT00266,EMP0037,2026/02/01,21 ,20 ,1 ,15 
AT00267,EMP0037,2026/03/01,21 ,20 ,1 ,25 
AT00268,EMP0037,2026/04/01,20 ,18 ,2 ,5 
AT00269,EMP0037,2026/05/01,23 ,20 ,3 ,10 
AT00270,EMP0037,2026/06/01,23 ,21 ,2 ,22 
AT00271,EMP0037,2026/07/01,23 ,23 ,0 ,14 
AT00272,EMP0037,2026/08/01,21 ,20 ,1 ,0 
AT00273,EMP0038,2026/01/01,23 ,23 ,0 ,21 
AT00274,EMP0038,2026/02/01,23 ,21 ,2 ,14 
AT00275,EMP0038,2026/03/01,21 ,21 ,0 ,10 
AT00276,EMP0038,2026/04/01,20 ,19 ,1 ,2 
AT00277,EMP0038,2026/05/01,20 ,19 ,1 ,13 
AT00278,EMP0038,2026/06/01,22 ,18 ,4 ,7 
AT00279,EMP0038,2026/07/01,21 ,19 ,2 ,12 
AT00280,EMP0038,2026/08/01,20 ,15 ,5 ,1 
AT00281,EMP0039,2026/01/01,20 ,20 ,0 ,8 
AT00282,EMP0039,2026/02/01,22 ,22 ,0 ,15 
AT00283,EMP0039,2026/03/01,20 ,19 ,1 ,9 
AT00284,EMP0039,2026/04/01,23 ,22 ,1 ,13 
AT00285,EMP0039,2026/05/01,22 ,20 ,2 ,8 
AT00286,EMP0039,2026/06/01,21 ,21 ,0 ,16 
AT00287,EMP0039,2026/07/01,22 ,20 ,2 ,9 
AT00288,EMP0039,2026/08/01,20 ,20 ,0 ,7 
AT00289,EMP0040,2026/01/01,22 ,22 ,0 ,0 
AT00290,EMP0040,2026/02/01,21 ,20 ,1 ,5 
AT00291,EMP0040,2026/03/01,21 ,19 ,2 ,16 
AT00292,EMP0040,2026/04/01,23 ,23 ,0 ,0 
AT00293,EMP0040,2026/05/01,22 ,22 ,0 ,14 
AT00294,EMP0040,2026/06/01,20 ,20 ,0 ,15 
AT00295,EMP0040,2026/07/01,20 ,18 ,2 ,10 
AT00296,EMP0040,2026/08/01,20 ,19 ,1 ,7 
AT00297,EMP0041,2026/01/01,21 ,20 ,1 ,15 
AT00298,EMP0041,2026/02/01,22 ,21 ,1 ,12 
AT00299,EMP0041,2026/03/01,22 ,20 ,2 ,20 
AT00300,EMP0041,2026/04/01,20 ,19 ,1 ,13 
AT00301,EMP0041,2026/05/01,23 ,20 ,3 ,11 
AT00302,EMP0041,2026/06/01,22 ,22 ,0 ,8 
AT00303,EMP0041,2026/07/01,23 ,22 ,1 ,14 
AT00304,EMP0041,2026/08/01,22 ,22 ,0 ,0 
AT00305,EMP0042,2026/01/01,22 ,20 ,2 ,15 
AT00306,EMP0042,2026/02/01,21 ,19 ,2 ,18 
AT00307,EMP0042,2026/03/01,21 ,18 ,3 ,0 
AT00308,EMP0042,2026/04/01,21 ,20 ,1 ,5 
AT00309,EMP0042,2026/05/01,22 ,22 ,0 ,9 
AT00310,EMP0042,2026/06/01,20 ,20 ,0 ,15 
AT00311,EMP0042,2026/07/01,23 ,22 ,1 ,12 
AT00312,EMP0042,2026/08/01,23 ,23 ,0 ,11 
AT00313,EMP0043,2026/01/01,22 ,20 ,2 ,1 
AT00314,EMP0043,2026/02/01,23 ,22 ,1 ,10 
AT00315,EMP0043,2026/03/01,22 ,20 ,2 ,5 
AT00316,EMP0043,2026/04/01,23 ,22 ,1 ,11 
AT00317,EMP0043,2026/05/01,22 ,21 ,1 ,1 
AT00318,EMP0043,2026/06/01,23 ,23 ,0 ,12 
AT00319,EMP0043,2026/07/01,21 ,20 ,1 ,4 
AT00320,EMP0043,2026/08/01,23 ,21 ,2 ,12 
AT00321,EMP0044,2026/01/01,20 ,18 ,2 ,4 
AT00322,EMP0044,2026/02/01,22 ,17 ,5 ,11 
AT00323,EMP0044,2026/03/01,22 ,20 ,2 ,1 
AT00324,EMP0044,2026/04/01,22 ,19 ,3 ,1 
AT00325,EMP0044,2026/05/01,21 ,20 ,1 ,9 
AT00326,EMP0044,2026/06/01,22 ,19 ,3 ,14 
AT00327,EMP0044,2026/07/01,20 ,20 ,0 ,23 
AT00328,EMP0044,2026/08/01,23 ,23 ,0 ,3 
AT00329,EMP0045,2026/01/01,23 ,22 ,1 ,4 
AT00330,EMP0045,2026/02/01,23 ,21 ,2 ,3 
AT00331,EMP0045,2026/03/01,22 ,22 ,0 ,12 
AT00332,EMP0045,2026/04/01,21 ,19 ,2 ,6 
AT00333,EMP0045,2026/05/01,22 ,22 ,0 ,8 
AT00334,EMP0045,2026/06/01,23 ,22 ,1 ,3 
AT00335,EMP0045,2026/07/01,21 ,18 ,3 ,0 
AT00336,EMP0045,2026/08/01,21 ,18 ,3 ,0 
AT00337,EMP0046,2026/01/01,23 ,22 ,1 ,7 
AT00338,EMP0046,2026/02/01,23 ,23 ,0 ,0 
AT00339,EMP0046,2026/03/01,20 ,20 ,0 ,25 
AT00340,EMP0046,2026/04/01,21 ,19 ,2 ,3 
AT00341,EMP0046,2026/05/01,22 ,21 ,1 ,19 
AT00342,EMP0046,2026/06/01,23 ,23 ,0 ,8 
AT00343,EMP0046,2026/07/01,21 ,20 ,1 ,16 
AT00344,EMP0046,2026/08/01,23 ,22 ,1 ,14 
AT00345,EMP0047,2026/01/01,21 ,20 ,1 ,7 
AT00346,EMP0047,2026/02/01,21 ,20 ,1 ,7 
AT00347,EMP0047,2026/03/01,23 ,22 ,1 ,1 
AT00348,EMP0047,2026/04/01,22 ,19 ,3 ,0 
AT00349,EMP0047,2026/05/01,20 ,18 ,2 ,21 
AT00350,EMP0047,2026/06/01,23 ,21 ,2 ,1 
AT00351,EMP0047,2026/07/01,23 ,22 ,1 ,6 
AT00352,EMP0047,2026/08/01,22 ,20 ,2 ,13 
AT00353,EMP0048,2026/01/01,20 ,18 ,2 ,18 
AT00354,EMP0048,2026/02/01,20 ,18 ,2 ,9 
AT00355,EMP0048,2026/03/01,22 ,21 ,1 ,15 
AT00356,EMP0048,2026/04/01,23 ,23 ,0 ,5 
AT00357,EMP0048,2026/05/01,20 ,20 ,0 ,6 
AT00358,EMP0048,2026/06/01,22 ,19 ,3 ,18 
AT00359,EMP0048,2026/07/01,22 ,22 ,0 ,15 
AT00360,EMP0048,2026/08/01,22 ,20 ,2 ,2 
AT00361,EMP0049,2026/01/01,22 ,21 ,1 ,14 
AT00362,EMP0049,2026/02/01,22 ,21 ,1 ,6 
AT00363,EMP0049,2026/03/01,23 ,20 ,3 ,6 
AT00364,EMP0049,2026/04/01,22 ,19 ,3 ,7 
AT00365,EMP0049,2026/05/01,23 ,21 ,2 ,2 
AT00366,EMP0049,2026/06/01,21 ,18 ,3 ,7 
AT00367,EMP0049,2026/07/01,22 ,22 ,0 ,5 
AT00368,EMP0049,2026/08/01,22 ,18 ,4 ,10 
AT00369,EMP0050,2026/01/01,21 ,19 ,2 ,26 
AT00370,EMP0050,2026/02/01,20 ,20 ,0 ,4 
AT00371,EMP0050,2026/03/01,21 ,21 ,0 ,16 
AT00372,EMP0050,2026/04/01,22 ,22 ,0 ,8 
AT00373,EMP0050,2026/05/01,20 ,20 ,0 ,10 
AT00374,EMP0050,2026/06/01,20 ,19 ,1 ,16 
AT00375,EMP0050,2026/07/01,20 ,18 ,2 ,14 
AT00376,EMP0050,2026/08/01,23 ,22 ,1 ,2 
AT00377,EMP0051,2026/01/01,20 ,17 ,3 ,1 
AT00378,EMP0051,2026/02/01,23 ,20 ,3 ,14 
AT00379,EMP0051,2026/03/01,22 ,20 ,2 ,16 
AT00380,EMP0051,2026/04/01,20 ,19 ,1 ,17 
AT00381,EMP0051,2026/05/01,22 ,20 ,2 ,9 
AT00382,EMP0051,2026/06/01,20 ,18 ,2 ,10 
AT00383,EMP0051,2026/07/01,23 ,21 ,2 ,4 
AT00384,EMP0051,2026/08/01,20 ,20 ,0 ,25 
AT00385,EMP0052,2026/01/01,22 ,19 ,3 ,18 
AT00386,EMP0052,2026/02/01,20 ,18 ,2 ,7 
AT00387,EMP0052,2026/03/01,23 ,22 ,1 ,11 
AT00388,EMP0052,2026/04/01,21 ,20 ,1 ,8 
AT00389,EMP0052,2026/05/01,21 ,18 ,3 ,3 
AT00390,EMP0052,2026/06/01,22 ,22 ,0 ,9 
AT00391,EMP0052,2026/07/01,20 ,19 ,1 ,8 
AT00392,EMP0052,2026/08/01,23 ,20 ,3 ,8 
AT00393,EMP0053,2026/01/01,23 ,23 ,0 ,29 
AT00394,EMP0053,2026/02/01,22 ,22 ,0 ,2 
AT00395,EMP0053,2026/03/01,23 ,22 ,1 ,0 
AT00396,EMP0053,2026/04/01,20 ,20 ,0 ,8 
AT00397,EMP0053,2026/05/01,22 ,21 ,1 ,16 
AT00398,EMP0053,2026/06/01,22 ,21 ,1 ,17 
AT00399,EMP0053,2026/07/01,23 ,22 ,1 ,0 
AT00400,EMP0053,2026/08/01,20 ,17 ,3 ,8 
AT00401,EMP0054,2026/01/01,22 ,20 ,2 ,24 
AT00402,EMP0054,2026/02/01,21 ,21 ,0 ,0 
AT00403,EMP0054,2026/03/01,23 ,22 ,1 ,8 
AT00404,EMP0054,2026/04/01,20 ,20 ,0 ,0 
AT00405,EMP0054,2026/05/01,21 ,19 ,2 ,13 
AT00406,EMP0054,2026/06/01,22 ,21 ,1 ,18 
AT00407,EMP0054,2026/07/01,21 ,19 ,2 ,0 
AT00408,EMP0054,2026/08/01,22 ,21 ,1 ,5 
AT00409,EMP0055,2026/01/01,21 ,20 ,1 ,3 
AT00410,EMP0055,2026/02/01,20 ,20 ,0 ,12 
AT00411,EMP0055,2026/03/01,22 ,22 ,0 ,7 
AT00412,EMP0055,2026/04/01,20 ,18 ,2 ,13 
AT00413,EMP0055,2026/05/01,23 ,22 ,1 ,13 
AT00414,EMP0055,2026/06/01,21 ,19 ,2 ,9 
AT00415,EMP0055,2026/07/01,20 ,19 ,1 ,13 
AT00416,EMP0055,2026/08/01,22 ,21 ,1 ,8 
AT00417,EMP0056,2026/01/01,21 ,20 ,1 ,14 
AT00418,EMP0056,2026/02/01,23 ,23 ,0 ,3 
AT00419,EMP0056,2026/03/01,21 ,19 ,2 ,5 
AT00420,EMP0056,2026/04/01,22 ,22 ,0 ,0 
AT00421,EMP0056,2026/05/01,21 ,21 ,0 ,5 
AT00422,EMP0056,2026/06/01,22 ,20 ,2 ,22 
AT00423,EMP0056,2026/07/01,22 ,21 ,1 ,3 
AT00424,EMP0056,2026/08/01,22 ,22 ,0 ,4 
AT00425,EMP0057,2026/01/01,23 ,23 ,0 ,4 
AT00426,EMP0057,2026/02/01,22 ,22 ,0 ,6 
AT00427,EMP0057,2026/03/01,20 ,19 ,1 ,8 
AT00428,EMP0057,2026/04/01,20 ,20 ,0 ,16 
AT00429,EMP0057,2026/05/01,21 ,20 ,1 ,1 
AT00430,EMP0057,2026/06/01,23 ,21 ,2 ,16 
AT00431,EMP0057,2026/07/01,20 ,18 ,2 ,6 
AT00432,EMP0057,2026/08/01,22 ,17 ,5 ,7 
AT00433,EMP0058,2026/01/01,23 ,22 ,1 ,0 
AT00434,EMP0058,2026/02/01,23 ,20 ,3 ,14 
AT00435,EMP0058,2026/03/01,20 ,18 ,2 ,3 
AT00436,EMP0058,2026/04/01,21 ,20 ,1 ,7 
AT00437,EMP0058,2026/05/01,23 ,21 ,2 ,10 
AT00438,EMP0058,2026/06/01,22 ,21 ,1 ,3 
AT00439,EMP0058,2026/07/01,21 ,21 ,0 ,16 
AT00440,EMP0058,2026/08/01,23 ,21 ,2 ,18 
AT00441,EMP0059,2026/01/01,22 ,22 ,0 ,15 
AT00442,EMP0059,2026/02/01,23 ,20 ,3 ,11 
AT00443,EMP0059,2026/03/01,23 ,21 ,2 ,10 
AT00444,EMP0059,2026/04/01,23 ,23 ,0 ,11 
AT00445,EMP0059,2026/05/01,21 ,21 ,0 ,1 
AT00446,EMP0059,2026/06/01,23 ,22 ,1 ,19 
AT00447,EMP0059,2026/07/01,21 ,21 ,0 ,11 
AT00448,EMP0059,2026/08/01,20 ,19 ,1 ,5 
AT00449,EMP0060,2026/01/01,23 ,22 ,1 ,16 
AT00450,EMP0060,2026/02/01,22 ,22 ,0 ,0 
AT00451,EMP0060,2026/03/01,20 ,20 ,0 ,10 
AT00452,EMP0060,2026/04/01,21 ,19 ,2 ,4 
AT00453,EMP0060,2026/05/01,20 ,17 ,3 ,5 
AT00454,EMP0060,2026/06/01,23 ,23 ,0 ,15 
AT00455,EMP0060,2026/07/01,20 ,20 ,0 ,6 
AT00456,EMP0060,2026/08/01,22 ,18 ,4 ,6 
AT00457,EMP0061,2026/01/01,21 ,20 ,1 ,15 
AT00458,EMP0061,2026/02/01,22 ,22 ,0 ,7 
AT00459,EMP0061,2026/03/01,22 ,21 ,1 ,3 
AT00460,EMP0061,2026/04/01,21 ,20 ,1 ,14 
AT00461,EMP0061,2026/05/01,20 ,20 ,0 ,21 
AT00462,EMP0061,2026/06/01,21 ,20 ,1 ,8 
AT00463,EMP0061,2026/07/01,21 ,18 ,3 ,20 
AT00464,EMP0061,2026/08/01,22 ,22 ,0 ,8 
AT00465,EMP0062,2026/01/01,20 ,20 ,0 ,13 
AT00466,EMP0062,2026/02/01,22 ,22 ,0 ,9 
AT00467,EMP0062,2026/03/01,21 ,21 ,0 ,25 
AT00468,EMP0062,2026/04/01,21 ,17 ,4 ,6 
AT00469,EMP0062,2026/05/01,22 ,21 ,1 ,7 
AT00470,EMP0062,2026/06/01,23 ,23 ,0 ,11 
AT00471,EMP0062,2026/07/01,20 ,18 ,2 ,13 
AT00472,EMP0062,2026/08/01,21 ,21 ,0 ,18 
AT00473,EMP0063,2026/01/01,20 ,19 ,1 ,13 
AT00474,EMP0063,2026/02/01,21 ,20 ,1 ,20 
AT00475,EMP0063,2026/03/01,23 ,22 ,1 ,0 
AT00476,EMP0063,2026/04/01,22 ,22 ,0 ,10 
AT00477,EMP0063,2026/05/01,20 ,20 ,0 ,13 
AT00478,EMP0063,2026/06/01,23 ,22 ,1 ,9 
AT00479,EMP0063,2026/07/01,21 ,20 ,1 ,14 
AT00480,EMP0063,2026/08/01,21 ,20 ,1 ,16 
AT00481,EMP0064,2026/01/01,23 ,20 ,3 ,0 
AT00482,EMP0064,2026/02/01,23 ,21 ,2 ,23 
AT00483,EMP0064,2026/03/01,23 ,22 ,1 ,2 
AT00484,EMP0064,2026/04/01,23 ,21 ,2 ,9 
AT00485,EMP0064,2026/05/01,20 ,20 ,0 ,0 
AT00486,EMP0064,2026/06/01,23 ,20 ,3 ,13 
AT00487,EMP0064,2026/07/01,22 ,20 ,2 ,12 
AT00488,EMP0064,2026/08/01,23 ,23 ,0 ,0 
AT00489,EMP0065,2026/01/01,23 ,22 ,1 ,7 
AT00490,EMP0065,2026/02/01,22 ,21 ,1 ,9 
AT00491,EMP0065,2026/03/01,22 ,22 ,0 ,3 
AT00492,EMP0065,2026/04/01,20 ,19 ,1 ,22 
AT00493,EMP0065,2026/05/01,21 ,20 ,1 ,14 
AT00494,EMP0065,2026/06/01,23 ,18 ,5 ,17 
AT00495,EMP0065,2026/07/01,23 ,19 ,4 ,7 
AT00496,EMP0065,2026/08/01,22 ,20 ,2 ,0 
AT00497,EMP0066,2026/01/01,23 ,22 ,1 ,10 
AT00498,EMP0066,2026/02/01,20 ,17 ,3 ,9 
AT00499,EMP0066,2026/03/01,20 ,20 ,0 ,11 
AT00500,EMP0066,2026/04/01,22 ,21 ,1 ,9 
AT00501,EMP0066,2026/05/01,20 ,20 ,0 ,0 
AT00502,EMP0066,2026/06/01,23 ,23 ,0 ,10 
AT00503,EMP0066,2026/07/01,20 ,20 ,0 ,15 
AT00504,EMP0066,2026/08/01,22 ,21 ,1 ,9 
AT00505,EMP0067,2026/01/01,23 ,22 ,1 ,4 
AT00506,EMP0067,2026/02/01,22 ,19 ,3 ,0 
AT00507,EMP0067,2026/03/01,21 ,21 ,0 ,15 
AT00508,EMP0067,2026/04/01,20 ,16 ,4 ,11 
AT00509,EMP0067,2026/05/01,23 ,23 ,0 ,18 
AT00510,EMP0067,2026/06/01,22 ,20 ,2 ,8 
AT00511,EMP0067,2026/07/01,22 ,21 ,1 ,20 
AT00512,EMP0067,2026/08/01,22 ,20 ,2 ,7 
AT00513,EMP0068,2026/01/01,22 ,20 ,2 ,4 
AT00514,EMP0068,2026/02/01,23 ,19 ,4 ,7 
AT00515,EMP0068,2026/03/01,23 ,22 ,1 ,19 
AT00516,EMP0068,2026/04/01,21 ,20 ,1 ,10 
AT00517,EMP0068,2026/05/01,23 ,22 ,1 ,2 
AT00518,EMP0068,2026/06/01,21 ,19 ,2 ,22 
AT00519,EMP0068,2026/07/01,23 ,21 ,2 ,12 
AT00520,EMP0068,2026/08/01,23 ,22 ,1 ,15 
AT00521,EMP0069,2026/01/01,20 ,17 ,3 ,0 
AT00522,EMP0069,2026/02/01,23 ,23 ,0 ,0 
AT00523,EMP0069,2026/03/01,21 ,20 ,1 ,3 
AT00524,EMP0069,2026/04/01,20 ,19 ,1 ,13 
AT00525,EMP0069,2026/05/01,21 ,19 ,2 ,0 
AT00526,EMP0069,2026/06/01,22 ,19 ,3 ,0 
AT00527,EMP0069,2026/07/01,23 ,23 ,0 ,15 
AT00528,EMP0069,2026/08/01,22 ,22 ,0 ,8 
AT00529,EMP0070,2026/01/01,22 ,21 ,1 ,24 
AT00530,EMP0070,2026/02/01,21 ,18 ,3 ,11 
AT00531,EMP0070,2026/03/01,20 ,18 ,2 ,16 
AT00532,EMP0070,2026/04/01,22 ,21 ,1 ,12 
AT00533,EMP0070,2026/05/01,21 ,21 ,0 ,18 
AT00534,EMP0070,2026/06/01,23 ,21 ,2 ,10 
AT00535,EMP0070,2026/07/01,21 ,20 ,1 ,2 
AT00536,EMP0070,2026/08/01,20 ,17 ,3 ,14 
AT00537,EMP0071,2026/01/01,22 ,20 ,2 ,8 
AT00538,EMP0071,2026/02/01,20 ,18 ,2 ,18 
AT00539,EMP0071,2026/03/01,23 ,22 ,1 ,3 
AT00540,EMP0071,2026/04/01,22 ,19 ,3 ,14 
AT00541,EMP0071,2026/05/01,20 ,19 ,1 ,6 
AT00542,EMP0071,2026/06/01,20 ,18 ,2 ,7 
AT00543,EMP0071,2026/07/01,20 ,18 ,2 ,3 
AT00544,EMP0071,2026/08/01,22 ,22 ,0 ,13 
AT00545,EMP0072,2026/01/01,22 ,21 ,1 ,0 
AT00546,EMP0072,2026/02/01,22 ,22 ,0 ,9 
AT00547,EMP0072,2026/03/01,22 ,22 ,0 ,12 
AT00548,EMP0072,2026/04/01,20 ,15 ,5 ,22 
AT00549,EMP0072,2026/05/01,22 ,21 ,1 ,5 
AT00550,EMP0072,2026/06/01,23 ,23 ,0 ,6 
AT00551,EMP0072,2026/07/01,20 ,20 ,0 ,10 
AT00552,EMP0072,2026/08/01,20 ,19 ,1 ,7 
AT00553,EMP0073,2026/01/01,23 ,22 ,1 ,2 
AT00554,EMP0073,2026/02/01,21 ,17 ,4 ,4 
AT00555,EMP0073,2026/03/01,20 ,19 ,1 ,4 
AT00556,EMP0073,2026/04/01,21 ,20 ,1 ,22 
AT00557,EMP0073,2026/05/01,23 ,20 ,3 ,4 
AT00558,EMP0073,2026/06/01,20 ,16 ,4 ,14 
AT00559,EMP0073,2026/07/01,21 ,20 ,1 ,3 
AT00560,EMP0073,2026/08/01,23 ,21 ,2 ,15 
AT00561,EMP0074,2026/01/01,21 ,21 ,0 ,11 
AT00562,EMP0074,2026/02/01,23 ,23 ,0 ,4 
AT00563,EMP0074,2026/03/01,21 ,20 ,1 ,17 
AT00564,EMP0074,2026/04/01,23 ,20 ,3 ,34 
AT00565,EMP0074,2026/05/01,23 ,23 ,0 ,5 
AT00566,EMP0074,2026/06/01,22 ,21 ,1 ,6 
AT00567,EMP0074,2026/07/01,21 ,20 ,1 ,7 
AT00568,EMP0074,2026/08/01,20 ,19 ,1 ,9 
AT00569,EMP0075,2026/01/01,23 ,23 ,0 ,14 
AT00570,EMP0075,2026/02/01,20 ,20 ,0 ,14 
AT00571,EMP0075,2026/03/01,20 ,20 ,0 ,3 
AT00572,EMP0075,2026/04/01,21 ,21 ,0 ,3 
AT00573,EMP0075,2026/05/01,23 ,22 ,1 ,5 
AT00574,EMP0075,2026/06/01,21 ,20 ,1 ,18 
AT00575,EMP0075,2026/07/01,20 ,18 ,2 ,22 
AT00576,EMP0075,2026/08/01,20 ,20 ,0 ,9 
AT00577,EMP0076,2026/01/01,21 ,20 ,1 ,13 
AT00578,EMP0076,2026/02/01,23 ,22 ,1 ,4 
AT00579,EMP0076,2026/03/01,23 ,22 ,1 ,21 
AT00580,EMP0076,2026/04/01,23 ,22 ,1 ,9 
AT00581,EMP0076,2026/05/01,21 ,19 ,2 ,8 
AT00582,EMP0076,2026/06/01,23 ,23 ,0 ,7 
AT00583,EMP0076,2026/07/01,21 ,20 ,1 ,14 
AT00584,EMP0076,2026/08/01,23 ,22 ,1 ,21 
AT00585,EMP0077,2026/01/01,22 ,22 ,0 ,17 
AT00586,EMP0077,2026/02/01,20 ,18 ,2 ,0 
AT00587,EMP0077,2026/03/01,22 ,20 ,2 ,28 
AT00588,EMP0077,2026/04/01,21 ,19 ,2 ,10 
AT00589,EMP0077,2026/05/01,23 ,23 ,0 ,11 
AT00590,EMP0077,2026/06/01,21 ,19 ,2 ,10 
AT00591,EMP0077,2026/07/01,20 ,19 ,1 ,8 
AT00592,EMP0077,2026/08/01,21 ,19 ,2 ,23 
AT00593,EMP0078,2026/01/01,21 ,19 ,2 ,12 
AT00594,EMP0078,2026/02/01,21 ,19 ,2 ,17 
AT00595,EMP0078,2026/03/01,23 ,22 ,1 ,8 
AT00596,EMP0078,2026/04/01,22 ,22 ,0 ,5 
AT00597,EMP0078,2026/05/01,21 ,20 ,1 ,9 
AT00598,EMP0078,2026/06/01,23 ,22 ,1 ,9 
AT00599,EMP0078,2026/07/01,21 ,20 ,1 ,8 
AT00600,EMP0078,2026/08/01,21 ,21 ,0 ,6 
AT00601,EMP0079,2026/01/01,23 ,22 ,1 ,7 
AT00602,EMP0079,2026/02/01,21 ,19 ,2 ,4 
AT00603,EMP0079,2026/03/01,21 ,17 ,4 ,19 
AT00604,EMP0079,2026/04/01,20 ,20 ,0 ,20 
AT00605,EMP0079,2026/05/01,21 ,18 ,3 ,9 
AT00606,EMP0079,2026/06/01,20 ,17 ,3 ,4 
AT00607,EMP0079,2026/07/01,20 ,20 ,0 ,17 
AT00608,EMP0079,2026/08/01,21 ,20 ,1 ,12 
AT00609,EMP0080,2026/01/01,21 ,21 ,0 ,0 
AT00610,EMP0080,2026/02/01,21 ,21 ,0 ,6 
AT00611,EMP0080,2026/03/01,21 ,19 ,2 ,8 
AT00612,EMP0080,2026/04/01,21 ,19 ,2 ,16 
AT00613,EMP0080,2026/05/01,21 ,19 ,2 ,13 
AT00614,EMP0080,2026/06/01,23 ,22 ,1 ,0 
AT00615,EMP0080,2026/07/01,21 ,20 ,1 ,17 
AT00616,EMP0080,2026/08/01,20 ,20 ,0 ,0 
AT00617,EMP0081,2026/01/01,21 ,20 ,1 ,0 
AT00618,EMP0081,2026/02/01,21 ,17 ,4 ,17 
AT00619,EMP0081,2026/03/01,21 ,21 ,0 ,11 
AT00620,EMP0081,2026/04/01,20 ,19 ,1 ,3 
AT00621,EMP0081,2026/05/01,20 ,19 ,1 ,16 
AT00622,EMP0081,2026/06/01,23 ,23 ,0 ,19 
AT00623,EMP0081,2026/07/01,20 ,18 ,2 ,13 
AT00624,EMP0081,2026/08/01,21 ,20 ,1 ,8 
AT00625,EMP0082,2026/01/01,20 ,20 ,0 ,7 
AT00626,EMP0082,2026/02/01,23 ,23 ,0 ,0 
AT00627,EMP0082,2026/03/01,20 ,20 ,0 ,22 
AT00628,EMP0082,2026/04/01,20 ,18 ,2 ,11 
AT00629,EMP0082,2026/05/01,20 ,18 ,2 ,3 
AT00630,EMP0082,2026/06/01,20 ,18 ,2 ,0 
AT00631,EMP0082,2026/07/01,21 ,21 ,0 ,1 
AT00632,EMP0082,2026/08/01,22 ,22 ,0 ,16 
AT00633,EMP0083,2026/01/01,23 ,22 ,1 ,17 
AT00634,EMP0083,2026/02/01,21 ,20 ,1 ,0 
AT00635,EMP0083,2026/03/01,22 ,21 ,1 ,17 
AT00636,EMP0083,2026/04/01,23 ,22 ,1 ,6 
AT00637,EMP0083,2026/05/01,21 ,19 ,2 ,6 
AT00638,EMP0083,2026/06/01,21 ,20 ,1 ,4 
AT00639,EMP0083,2026/07/01,20 ,20 ,0 ,19 
AT00640,EMP0083,2026/08/01,23 ,20 ,3 ,0 
AT00641,EMP0084,2026/01/01,21 ,20 ,1 ,4 
AT00642,EMP0084,2026/02/01,22 ,18 ,4 ,5 
AT00643,EMP0084,2026/03/01,23 ,22 ,1 ,6 
AT00644,EMP0084,2026/04/01,20 ,19 ,1 ,10 
AT00645,EMP0084,2026/05/01,20 ,19 ,1 ,19 
AT00646,EMP0084,2026/06/01,23 ,22 ,1 ,4 
AT00647,EMP0084,2026/07/01,20 ,20 ,0 ,7 
AT00648,EMP0084,2026/08/01,21 ,19 ,2 ,0 
AT00649,EMP0085,2026/01/01,20 ,18 ,2 ,1 
AT00650,EMP0085,2026/02/01,21 ,21 ,0 ,23 
AT00651,EMP0085,2026/03/01,21 ,18 ,3 ,18 
AT00652,EMP0085,2026/04/01,23 ,23 ,0 ,0 
AT00653,EMP0085,2026/05/01,22 ,21 ,1 ,4 
AT00654,EMP0085,2026/06/01,20 ,19 ,1 ,6 
AT00655,EMP0085,2026/07/01,23 ,21 ,2 ,0 
AT00656,EMP0085,2026/08/01,23 ,22 ,1 ,6 
AT00657,EMP0087,2026/01/01,22 ,18 ,4 ,8 
AT00658,EMP0087,2026/02/01,20 ,17 ,3 ,16 
AT00659,EMP0087,2026/03/01,20 ,20 ,0 ,10 
AT00660,EMP0087,2026/04/01,23 ,23 ,0 ,21 
AT00661,EMP0087,2026/05/01,23 ,21 ,2 ,26 
AT00662,EMP0087,2026/06/01,23 ,21 ,2 ,7 
AT00663,EMP0087,2026/07/01,20 ,18 ,2 ,0 
AT00664,EMP0087,2026/08/01,21 ,20 ,1 ,0 
AT00665,EMP0088,2026/01/01,21 ,21 ,0 ,1 
AT00666,EMP0088,2026/02/01,22 ,21 ,1 ,9 
AT00667,EMP0088,2026/03/01,20 ,19 ,1 ,11 
AT00668,EMP0088,2026/04/01,22 ,21 ,1 ,15 
AT00669,EMP0088,2026/05/01,22 ,20 ,2 ,3 
AT00670,EMP0088,2026/06/01,22 ,21 ,1 ,3 
AT00671,EMP0088,2026/07/01,21 ,21 ,0 ,4 
AT00672,EMP0088,2026/08/01,21 ,19 ,2 ,5 
AT00673,EMP0089,2026/01/01,22 ,21 ,1 ,12 
AT00674,EMP0089,2026/02/01,21 ,19 ,2 ,4 
AT00675,EMP0089,2026/03/01,20 ,17 ,3 ,15 
AT00676,EMP0089,2026/04/01,22 ,21 ,1 ,22 
AT00677,EMP0089,2026/05/01,23 ,21 ,2 ,23 
AT00678,EMP0089,2026/06/01,22 ,21 ,1 ,10 
AT00679,EMP0089,2026/07/01,21 ,20 ,1 ,7 
AT00680,EMP0089,2026/08/01,23 ,22 ,1 ,9 
AT00681,EMP0090,2026/01/01,21 ,20 ,1 ,11 
AT00682,EMP0090,2026/02/01,20 ,19 ,1 ,4 
AT00683,EMP0090,2026/03/01,22 ,19 ,3 ,8 
AT00684,EMP0090,2026/04/01,22 ,21 ,1 ,21 
AT00685,EMP0090,2026/05/01,22 ,21 ,1 ,23 
AT00686,EMP0090,2026/06/01,23 ,23 ,0 ,9 
AT00687,EMP0090,2026/07/01,21 ,19 ,2 ,9 
AT00688,EMP0090,2026/08/01,21 ,21 ,0 ,16 
AT00689,EMP0092,2026/01/01,21 ,20 ,1 ,0 
AT00690,EMP0092,2026/02/01,23 ,23 ,0 ,14 
AT00691,EMP0092,2026/03/01,21 ,20 ,1 ,13 
AT00692,EMP0092,2026/04/01,21 ,21 ,0 ,5 
AT00693,EMP0092,2026/05/01,20 ,18 ,2 ,2 
AT00694,EMP0092,2026/06/01,23 ,22 ,1 ,3 
AT00695,EMP0092,2026/07/01,23 ,21 ,2 ,3 
AT00696,EMP0092,2026/08/01,23 ,22 ,1 ,18 
AT00697,EMP0093,2026/01/01,23 ,23 ,0 ,14 
AT00698,EMP0093,2026/02/01,23 ,19 ,4 ,9 
AT00699,EMP0093,2026/03/01,23 ,22 ,1 ,30 
AT00700,EMP0093,2026/04/01,21 ,20 ,1 ,15 
AT00701,EMP0093,2026/05/01,21 ,17 ,4 ,9 
AT00702,EMP0093,2026/06/01,22 ,21 ,1 ,0 
AT00703,EMP0093,2026/07/01,21 ,21 ,0 ,15 
AT00704,EMP0093,2026/08/01,20 ,19 ,1 ,3 
AT00705,EMP0094,2026/01/01,20 ,19 ,1 ,16 
AT00706,EMP0094,2026/02/01,20 ,17 ,3 ,0 
AT00707,EMP0094,2026/03/01,23 ,23 ,0 ,11 
AT00708,EMP0094,2026/04/01,21 ,20 ,1 ,16 
AT00709,EMP0094,2026/05/01,23 ,22 ,1 ,17 
AT00710,EMP0094,2026/06/01,22 ,20 ,2 ,6 
AT00711,EMP0094,2026/07/01,23 ,22 ,1 ,11 
AT00712,EMP0094,2026/08/01,21 ,20 ,1 ,10 
AT00713,EMP0095,2026/01/01,23 ,20 ,3 ,12 
AT00714,EMP0095,2026/02/01,23 ,22 ,1 ,16 
AT00715,EMP0095,2026/03/01,23 ,22 ,1 ,7 
AT00716,EMP0095,2026/04/01,23 ,22 ,1 ,12 
AT00717,EMP0095,2026/05/01,22 ,20 ,2 ,10 
AT00718,EMP0095,2026/06/01,22 ,21 ,1 ,0 
AT00719,EMP0095,2026/07/01,21 ,19 ,2 ,9 
AT00720,EMP0095,2026/08/01,22 ,20 ,2 ,8 
AT00721,EMP0096,2026/01/01,22 ,22 ,0 ,14 
AT00722,EMP0096,2026/02/01,20 ,19 ,1 ,0 
AT00723,EMP0096,2026/03/01,22 ,21 ,1 ,26 
AT00724,EMP0096,2026/04/01,20 ,18 ,2 ,0 
AT00725,EMP0096,2026/05/01,23 ,22 ,1 ,9 
AT00726,EMP0096,2026/06/01,23 ,22 ,1 ,8 
AT00727,EMP0096,2026/07/01,22 ,21 ,1 ,3 
AT00728,EMP0096,2026/08/01,21 ,21 ,0 ,6 
AT00729,EMP0097,2026/01/01,20 ,19 ,1 ,1 
AT00730,EMP0097,2026/02/01,20 ,20 ,0 ,10 
AT00731,EMP0097,2026/03/01,20 ,20 ,0 ,4 
AT00732,EMP0097,2026/04/01,22 ,21 ,1 ,9 
AT00733,EMP0097,2026/05/01,21 ,19 ,2 ,0 
AT00734,EMP0097,2026/06/01,21 ,21 ,0 ,20 
AT00735,EMP0097,2026/07/01,23 ,22 ,1 ,18 
AT00736,EMP0097,2026/08/01,21 ,19 ,2 ,8 
AT00737,EMP0098,2026/01/01,21 ,20 ,1 ,3 
AT00738,EMP0098,2026/02/01,21 ,21 ,0 ,15 
AT00739,EMP0098,2026/03/01,23 ,23 ,0 ,8 
AT00740,EMP0098,2026/04/01,22 ,21 ,1 ,7 
AT00741,EMP0098,2026/05/01,23 ,21 ,2 ,6 
AT00742,EMP0098,2026/06/01,23 ,22 ,1 ,0 
AT00743,EMP0098,2026/07/01,23 ,22 ,1 ,16 
AT00744,EMP0098,2026/08/01,20 ,19 ,1 ,7 
AT00745,EMP0099,2026/01/01,21 ,21 ,0 ,9 
AT00746,EMP0099,2026/02/01,23 ,23 ,0 ,22 
AT00747,EMP0099,2026/03/01,21 ,18 ,3 ,23 
AT00748,EMP0099,2026/04/01,21 ,21 ,0 ,7 
AT00749,EMP0099,2026/05/01,23 ,19 ,4 ,15 
AT00750,EMP0099,2026/06/01,20 ,19 ,1 ,0 
AT00751,EMP0099,2026/07/01,22 ,22 ,0 ,10 
AT00752,EMP0099,2026/08/01,23 ,22 ,1 ,0 
AT00753,EMP0100,2026/01/01,23 ,21 ,2 ,13 
AT00754,EMP0100,2026/02/01,20 ,19 ,1 ,9 
AT00755,EMP0100,2026/03/01,21 ,19 ,2 ,3 
AT00756,EMP0100,2026/04/01,21 ,21 ,0 ,9 
AT00757,EMP0100,2026/05/01,22 ,22 ,0 ,22 
AT00758,EMP0100,2026/06/01,22 ,21 ,1 ,26 
AT00759,EMP0100,2026/07/01,20 ,20 ,0 ,22 
AT00760,EMP0100,2026/08/01,20 ,20 ,0 ,8 
AT00761,EMP0101,2026/01/01,23 ,22 ,1 ,11 
AT00762,EMP0101,2026/02/01,20 ,19 ,1 ,13 
AT00763,EMP0101,2026/03/01,23 ,23 ,0 ,17 
AT00764,EMP0101,2026/04/01,23 ,23 ,0 ,7 
AT00765,EMP0101,2026/05/01,22 ,20 ,2 ,1 
AT00766,EMP0101,2026/06/01,23 ,22 ,1 ,12 
AT00767,EMP0101,2026/07/01,21 ,20 ,1 ,14 
AT00768,EMP0101,2026/08/01,22 ,21 ,1 ,9 
AT00769,EMP0102,2026/01/01,21 ,18 ,3 ,23 
AT00770,EMP0102,2026/02/01,20 ,17 ,3 ,10 
AT00771,EMP0102,2026/03/01,21 ,20 ,1 ,15 
AT00772,EMP0102,2026/04/01,23 ,22 ,1 ,11 
AT00773,EMP0102,2026/05/01,20 ,20 ,0 ,0 
AT00774,EMP0102,2026/06/01,21 ,21 ,0 ,2 
AT00775,EMP0102,2026/07/01,21 ,21 ,0 ,4 
AT00776,EMP0102,2026/08/01,21 ,20 ,1 ,3 
AT00777,EMP0103,2026/01/01,20 ,18 ,2 ,0 
AT00778,EMP0103,2026/02/01,23 ,21 ,2 ,2 
AT00779,EMP0103,2026/03/01,21 ,20 ,1 ,9 
AT00780,EMP0103,2026/04/01,21 ,21 ,0 ,0 
AT00781,EMP0103,2026/05/01,22 ,21 ,1 ,5 
AT00782,EMP0103,2026/06/01,21 ,20 ,1 ,13 
AT00783,EMP0103,2026/07/01,22 ,20 ,2 ,16 
AT00784,EMP0103,2026/08/01,23 ,22 ,1 ,17 
AT00785,EMP0104,2026/01/01,22 ,17 ,5 ,4 
AT00786,EMP0104,2026/02/01,23 ,21 ,2 ,9 
AT00787,EMP0104,2026/03/01,22 ,20 ,2 ,2 
AT00788,EMP0104,2026/04/01,20 ,19 ,1 ,7 
AT00789,EMP0104,2026/05/01,20 ,19 ,1 ,7 
AT00790,EMP0104,2026/06/01,23 ,23 ,0 ,9 
AT00791,EMP0104,2026/07/01,23 ,22 ,1 ,20 
AT00792,EMP0104,2026/08/01,23 ,21 ,2 ,2 
AT00793,EMP0105,2026/01/01,20 ,19 ,1 ,4 
AT00794,EMP0105,2026/02/01,20 ,16 ,4 ,4 
AT00795,EMP0105,2026/03/01,21 ,20 ,1 ,17 
AT00796,EMP0105,2026/04/01,20 ,19 ,1 ,4 
AT00797,EMP0105,2026/05/01,21 ,19 ,2 ,2 
AT00798,EMP0105,2026/06/01,20 ,19 ,1 ,7 
AT00799,EMP0105,2026/07/01,23 ,23 ,0 ,0 
AT00800,EMP0105,2026/08/01,22 ,21 ,1 ,10 
AT00801,EMP0106,2026/01/01,21 ,19 ,2 ,3 
AT00802,EMP0106,2026/02/01,22 ,22 ,0 ,2 
AT00803,EMP0106,2026/03/01,23 ,21 ,2 ,8 
AT00804,EMP0106,2026/04/01,22 ,20 ,2 ,18 
AT00805,EMP0106,2026/05/01,20 ,18 ,2 ,16 
AT00806,EMP0106,2026/06/01,20 ,16 ,4 ,14 
AT00807,EMP0106,2026/07/01,21 ,21 ,0 ,7 
AT00808,EMP0106,2026/08/01,23 ,23 ,0 ,14 
AT00809,EMP0107,2026/01/01,21 ,20 ,1 ,4 
AT00810,EMP0107,2026/02/01,22 ,21 ,1 ,6 
AT00811,EMP0107,2026/03/01,21 ,19 ,2 ,6 
AT00812,EMP0107,2026/04/01,23 ,22 ,1 ,6 
AT00813,EMP0107,2026/05/01,22 ,19 ,3 ,17 
AT00814,EMP0107,2026/06/01,23 ,22 ,1 ,0 
AT00815,EMP0107,2026/07/01,22 ,21 ,1 ,17 
AT00816,EMP0107,2026/08/01,22 ,18 ,4 ,14 
AT00817,EMP0108,2026/01/01,21 ,20 ,1 ,3 
AT00818,EMP0108,2026/02/01,20 ,20 ,0 ,4 
AT00819,EMP0108,2026/03/01,20 ,18 ,2 ,8 
AT00820,EMP0108,2026/04/01,22 ,22 ,0 ,12 
AT00821,EMP0108,2026/05/01,20 ,19 ,1 ,5 
AT00822,EMP0108,2026/06/01,20 ,20 ,0 ,18 
AT00823,EMP0108,2026/07/01,23 ,21 ,2 ,0 
AT00824,EMP0108,2026/08/01,23 ,23 ,0 ,19 
AT00825,EMP0109,2026/01/01,23 ,20 ,3 ,10 
AT00826,EMP0109,2026/02/01,20 ,20 ,0 ,0 
AT00827,EMP0109,2026/03/01,23 ,22 ,1 ,10 
AT00828,EMP0109,2026/04/01,21 ,19 ,2 ,0 
AT00829,EMP0109,2026/05/01,22 ,20 ,2 ,12 
AT00830,EMP0109,2026/06/01,23 ,22 ,1 ,4 
AT00831,EMP0109,2026/07/01,22 ,19 ,3 ,6 
AT00832,EMP0109,2026/08/01,22 ,21 ,1 ,14 
AT00833,EMP0110,2026/01/01,22 ,20 ,2 ,19 
AT00834,EMP0110,2026/02/01,21 ,16 ,5 ,0 
AT00835,EMP0110,2026/03/01,20 ,18 ,2 ,15 
AT00836,EMP0110,2026/04/01,23 ,20 ,3 ,3 
AT00837,EMP0110,2026/05/01,22 ,22 ,0 ,17 
AT00838,EMP0110,2026/06/01,23 ,22 ,1 ,7 
AT00839,EMP0110,2026/07/01,23 ,21 ,2 ,17 
AT00840,EMP0110,2026/08/01,21 ,19 ,2 ,11 
AT00841,EMP0111,2026/01/01,22 ,22 ,0 ,10 
AT00842,EMP0111,2026/02/01,20 ,16 ,4 ,18 
AT00843,EMP0111,2026/03/01,22 ,21 ,1 ,11 
AT00844,EMP0111,2026/04/01,22 ,21 ,1 ,0 
AT00845,EMP0111,2026/05/01,23 ,23 ,0 ,8 
AT00846,EMP0111,2026/06/01,20 ,17 ,3 ,6 
AT00847,EMP0111,2026/07/01,21 ,20 ,1 ,15 
AT00848,EMP0111,2026/08/01,23 ,23 ,0 ,12 
AT00849,EMP0112,2026/01/01,23 ,22 ,1 ,16 
AT00850,EMP0112,2026/02/01,23 ,21 ,2 ,16 
AT00851,EMP0112,2026/03/01,20 ,20 ,0 ,9 
AT00852,EMP0112,2026/04/01,22 ,20 ,2 ,8 
AT00853,EMP0112,2026/05/01,22 ,21 ,1 ,14 
AT00854,EMP0112,2026/06/01,21 ,19 ,2 ,8 
AT00855,EMP0112,2026/07/01,21 ,21 ,0 ,0 
AT00856,EMP0112,2026/08/01,20 ,20 ,0 ,6 
AT00857,EMP0113,2026/01/01,20 ,18 ,2 ,5 
AT00858,EMP0113,2026/02/01,21 ,20 ,1 ,7 
AT00859,EMP0113,2026/03/01,23 ,21 ,2 ,2 
AT00860,EMP0113,2026/04/01,20 ,20 ,0 ,4 
AT00861,EMP0113,2026/05/01,21 ,20 ,1 ,24 
AT00862,EMP0113,2026/06/01,22 ,20 ,2 ,11 
AT00863,EMP0113,2026/07/01,22 ,19 ,3 ,20 
AT00864,EMP0113,2026/08/01,21 ,20 ,1 ,23 
AT00865,EMP0114,2026/01/01,23 ,21 ,2 ,5 
AT00866,EMP0114,2026/02/01,22 ,17 ,5 ,12 
AT00867,EMP0114,2026/03/01,21 ,18 ,3 ,0 
AT00868,EMP0114,2026/04/01,22 ,20 ,2 ,16 
AT00869,EMP0114,2026/05/01,22 ,21 ,1 ,8 
AT00870,EMP0114,2026/06/01,21 ,17 ,4 ,19 
AT00871,EMP0114,2026/07/01,20 ,18 ,2 ,0 
AT00872,EMP0114,2026/08/01,20 ,17 ,3 ,2 
AT00873,EMP0115,2026/01/01,21 ,17 ,4 ,8 
AT00874,EMP0115,2026/02/01,22 ,21 ,1 ,13 
AT00875,EMP0115,2026/03/01,23 ,23 ,0 ,8 
AT00876,EMP0115,2026/04/01,21 ,18 ,3 ,6 
AT00877,EMP0115,2026/05/01,22 ,22 ,0 ,19 
AT00878,EMP0115,2026/06/01,20 ,16 ,4 ,18 
AT00879,EMP0115,2026/07/01,22 ,21 ,1 ,3 
AT00880,EMP0115,2026/08/01,20 ,19 ,1 ,10 
AT00881,EMP0116,2026/01/01,21 ,19 ,2 ,8 
AT00882,EMP0116,2026/02/01,20 ,19 ,1 ,19 
AT00883,EMP0116,2026/03/01,23 ,22 ,1 ,11 
AT00884,EMP0116,2026/04/01,20 ,18 ,2 ,20 
AT00885,EMP0116,2026/05/01,21 ,21 ,0 ,12 
AT00886,EMP0116,2026/06/01,21 ,16 ,5 ,3 
AT00887,EMP0116,2026/07/01,21 ,19 ,2 ,8 
AT00888,EMP0116,2026/08/01,22 ,22 ,0 ,0 
AT00889,EMP0117,2026/01/01,21 ,19 ,2 ,6 
AT00890,EMP0117,2026/02/01,21 ,21 ,0 ,9 
AT00891,EMP0117,2026/03/01,20 ,18 ,2 ,6 
AT00892,EMP0117,2026/04/01,23 ,20 ,3 ,6 
AT00893,EMP0117,2026/05/01,22 ,21 ,1 ,11 
AT00894,EMP0117,2026/06/01,20 ,20 ,0 ,10 
AT00895,EMP0117,2026/07/01,23 ,23 ,0 ,10 
AT00896,EMP0117,2026/08/01,22 ,20 ,2 ,0 
AT00897,EMP0118,2026/01/01,21 ,19 ,2 ,4 
AT00898,EMP0118,2026/02/01,23 ,23 ,0 ,11 
AT00899,EMP0118,2026/03/01,21 ,21 ,0 ,12 
AT00900,EMP0118,2026/04/01,22 ,21 ,1 ,14 
AT00901,EMP0118,2026/05/01,21 ,17 ,4 ,5 
AT00902,EMP0118,2026/06/01,23 ,21 ,2 ,25 
AT00903,EMP0118,2026/07/01,21 ,19 ,2 ,15 
AT00904,EMP0118,2026/08/01,23 ,22 ,1 ,9 
AT00905,EMP0119,2026/01/01,23 ,20 ,3 ,7 
AT00906,EMP0119,2026/02/01,21 ,20 ,1 ,13 
AT00907,EMP0119,2026/03/01,23 ,22 ,1 ,12 
AT00908,EMP0119,2026/04/01,20 ,17 ,3 ,8 
AT00909,EMP0119,2026/05/01,21 ,20 ,1 ,0 
AT00910,EMP0119,2026/06/01,23 ,21 ,2 ,3 
AT00911,EMP0119,2026/07/01,20 ,19 ,1 ,7 
AT00912,EMP0119,2026/08/01,23 ,22 ,1 ,20 
AT00913,EMP0120,2026/01/01,23 ,22 ,1 ,20 
AT00914,EMP0120,2026/02/01,23 ,23 ,0 ,0 
AT00915,EMP0120,2026/03/01,22 ,21 ,1 ,12 
AT00916,EMP0120,2026/04/01,23 ,21 ,2 ,3 
AT00917,EMP0120,2026/05/01,20 ,17 ,3 ,10 
AT00918,EMP0120,2026/06/01,22 ,22 ,0 ,0 
AT00919,EMP0120,2026/07/01,22 ,21 ,1 ,14 
AT00920,EMP0120,2026/08/01,22 ,20 ,2 ,5 
AT00921,EMP0121,2026/01/01,20 ,19 ,1 ,16 
AT00922,EMP0121,2026/02/01,22 ,20 ,2 ,11 
AT00923,EMP0121,2026/03/01,20 ,20 ,0 ,18 
AT00924,EMP0121,2026/04/01,23 ,20 ,3 ,16 
AT00925,EMP0121,2026/05/01,20 ,19 ,1 ,10 
AT00926,EMP0121,2026/06/01,20 ,18 ,2 ,0 
AT00927,EMP0121,2026/07/01,23 ,21 ,2 ,6 
AT00928,EMP0121,2026/08/01,23 ,22 ,1 ,15 
AT00929,EMP0122,2026/01/01,22 ,21 ,1 ,14 
AT00930,EMP0122,2026/02/01,21 ,21 ,0 ,8 
AT00931,EMP0122,2026/03/01,21 ,19 ,2 ,18 
AT00932,EMP0122,2026/04/01,20 ,18 ,2 ,18 
AT00933,EMP0122,2026/05/01,23 ,22 ,1 ,6 
AT00934,EMP0122,2026/06/01,23 ,20 ,3 ,0 
AT00935,EMP0122,2026/07/01,23 ,21 ,2 ,3 
AT00936,EMP0122,2026/08/01,21 ,18 ,3 ,0 
AT00937,EMP0123,2026/01/01,20 ,20 ,0 ,3 
AT00938,EMP0123,2026/02/01,21 ,20 ,1 ,8 
AT00939,EMP0123,2026/03/01,22 ,22 ,0 ,17 
AT00940,EMP0123,2026/04/01,21 ,18 ,3 ,1 
AT00941,EMP0123,2026/05/01,21 ,18 ,3 ,13 
AT00942,EMP0123,2026/06/01,23 ,23 ,0 ,11 
AT00943,EMP0123,2026/07/01,20 ,18 ,2 ,11 
AT00944,EMP0123,2026/08/01,21 ,20 ,1 ,22 
AT00945,EMP0124,2026/01/01,20 ,20 ,0 ,0 
AT00946,EMP0124,2026/02/01,21 ,18 ,3 ,12 
AT00947,EMP0124,2026/03/01,20 ,20 ,0 ,17 
AT00948,EMP0124,2026/04/01,21 ,20 ,1 ,9 
AT00949,EMP0124,2026/05/01,21 ,20 ,1 ,5 
AT00950,EMP0124,2026/06/01,21 ,20 ,1 ,15 
AT00951,EMP0124,2026/07/01,21 ,21 ,0 ,2 
AT00952,EMP0124,2026/08/01,21 ,18 ,3 ,11 
AT00953,EMP0126,2026/01/01,23 ,22 ,1 ,22 
AT00954,EMP0126,2026/02/01,22 ,20 ,2 ,15 
AT00955,EMP0126,2026/03/01,20 ,18 ,2 ,16 
AT00956,EMP0126,2026/04/01,23 ,23 ,0 ,12 
AT00957,EMP0126,2026/05/01,22 ,21 ,1 ,18 
AT00958,EMP0126,2026/06/01,21 ,19 ,2 ,6 
AT00959,EMP0126,2026/07/01,22 ,20 ,2 ,9 
AT00960,EMP0126,2026/08/01,21 ,21 ,0 ,10 
AT00961,EMP0127,2026/01/01,23 ,19 ,4 ,7 
AT00962,EMP0127,2026/02/01,20 ,19 ,1 ,8 
AT00963,EMP0127,2026/03/01,22 ,19 ,3 ,25 
AT00964,EMP0127,2026/04/01,23 ,22 ,1 ,10 
AT00965,EMP0127,2026/05/01,21 ,20 ,1 ,6 
AT00966,EMP0127,2026/06/01,21 ,21 ,0 ,5 
AT00967,EMP0127,2026/07/01,23 ,23 ,0 ,14 
AT00968,EMP0127,2026/08/01,20 ,20 ,0 ,14 
AT00969,EMP0128,2026/01/01,23 ,20 ,3 ,20 
AT00970,EMP0128,2026/02/01,22 ,21 ,1 ,0 
AT00971,EMP0128,2026/03/01,21 ,20 ,1 ,6 
AT00972,EMP0128,2026/04/01,22 ,20 ,2 ,16 
AT00973,EMP0128,2026/05/01,22 ,22 ,0 ,6 
AT00974,EMP0128,2026/06/01,21 ,19 ,2 ,25 
AT00975,EMP0128,2026/07/01,21 ,20 ,1 ,17 
AT00976,EMP0128,2026/08/01,23 ,22 ,1 ,15 
AT00977,EMP0129,2026/01/01,21 ,19 ,2 ,11 
AT00978,EMP0130,2026/01/01,21 ,20 ,1 ,9 
AT00979,EMP0130,2026/02/01,22 ,19 ,3 ,8 
AT00980,EMP0130,2026/03/01,20 ,19 ,1 ,9 
AT00981,EMP0130,2026/04/01,20 ,18 ,2 ,2 
AT00982,EMP0130,2026/05/01,20 ,20 ,0 ,0 
AT00983,EMP0130,2026/06/01,22 ,20 ,2 ,7 
AT00984,EMP0130,2026/07/01,22 ,20 ,2 ,11 
AT00985,EMP0130,2026/08/01,22 ,21 ,1 ,15 
AT00986,EMP0131,2026/01/01,20 ,19 ,1 ,2 
AT00987,EMP0131,2026/02/01,20 ,19 ,1 ,11 
AT00988,EMP0131,2026/03/01,21 ,21 ,0 ,14 
AT00989,EMP0131,2026/04/01,22 ,22 ,0 ,6 
AT00990,EMP0131,2026/05/01,21 ,20 ,1 ,7 
AT00991,EMP0131,2026/06/01,21 ,20 ,1 ,17 
AT00992,EMP0131,2026/07/01,23 ,20 ,3 ,5 
AT00993,EMP0131,2026/08/01,22 ,22 ,0 ,0 
AT00994,EMP0132,2026/01/01,20 ,19 ,1 ,14 
AT00995,EMP0132,2026/02/01,20 ,18 ,2 ,12 
AT00996,EMP0132,2026/03/01,21 ,20 ,1 ,22 
AT00997,EMP0132,2026/04/01,20 ,18 ,2 ,10 
AT00998,EMP0132,2026/05/01,23 ,22 ,1 ,5 
AT00999,EMP0132,2026/06/01,21 ,20 ,1 ,11 
AT01000,EMP0132,2026/07/01,23 ,23 ,0 ,4 
AT01001,EMP0132,2026/08/01,20 ,16 ,4 ,8 
AT01002,EMP0133,2026/01/01,23 ,22 ,1 ,1 
AT01003,EMP0133,2026/02/01,22 ,20 ,2 ,6 
AT01004,EMP0133,2026/03/01,23 ,22 ,1 ,15 
AT01005,EMP0133,2026/04/01,22 ,22 ,0 ,15 
AT01006,EMP0133,2026/05/01,22 ,21 ,1 ,13 
AT01007,EMP0133,2026/06/01,23 ,21 ,2 ,15 
AT01008,EMP0133,2026/07/01,21 ,19 ,2 ,8 
AT01009,EMP0133,2026/08/01,21 ,18 ,3 ,19 
AT01010,EMP0135,2026/01/01,21 ,21 ,0 ,27 
AT01011,EMP0135,2026/02/01,20 ,18 ,2 ,14 
AT01012,EMP0135,2026/03/01,22 ,20 ,2 ,18 
AT01013,EMP0135,2026/04/01,21 ,19 ,2 ,0 
AT01014,EMP0135,2026/05/01,21 ,19 ,2 ,9 
AT01015,EMP0135,2026/06/01,23 ,23 ,0 ,16 
AT01016,EMP0135,2026/07/01,22 ,21 ,1 ,12 
AT01017,EMP0135,2026/08/01,22 ,21 ,1 ,1 
AT01018,EMP0136,2026/01/01,23 ,22 ,1 ,0 
AT01019,EMP0136,2026/02/01,23 ,23 ,0 ,6 
AT01020,EMP0136,2026/03/01,22 ,22 ,0 ,2 
AT01021,EMP0136,2026/04/01,23 ,19 ,4 ,10 
AT01022,EMP0136,2026/05/01,21 ,20 ,1 ,0 
AT01023,EMP0136,2026/06/01,23 ,22 ,1 ,9 
AT01024,EMP0136,2026/07/01,22 ,20 ,2 ,13 
AT01025,EMP0136,2026/08/01,21 ,18 ,3 ,13 
AT01026,EMP0137,2026/01/01,22 ,20 ,2 ,11 
AT01027,EMP0137,2026/02/01,22 ,20 ,2 ,24 
AT01028,EMP0137,2026/03/01,21 ,19 ,2 ,0 
AT01029,EMP0137,2026/04/01,23 ,22 ,1 ,5 
AT01030,EMP0137,2026/05/01,23 ,23 ,0 ,12 
AT01031,EMP0137,2026/06/01,23 ,23 ,0 ,13 
AT01032,EMP0137,2026/07/01,23 ,20 ,3 ,12 
AT01033,EMP0137,2026/08/01,20 ,20 ,0 ,6 
AT01034,EMP0138,2026/01/01,21 ,20 ,1 ,21 
AT01035,EMP0138,2026/02/01,20 ,19 ,1 ,7 
AT01036,EMP0138,2026/03/01,21 ,21 ,0 ,11 
AT01037,EMP0138,2026/04/01,23 ,19 ,4 ,1 
AT01038,EMP0138,2026/05/01,21 ,21 ,0 ,6 
AT01039,EMP0138,2026/06/01,20 ,19 ,1 ,22 
AT01040,EMP0138,2026/07/01,21 ,20 ,1 ,18 
AT01041,EMP0138,2026/08/01,21 ,20 ,1 ,3 
AT01042,EMP0139,2026/01/01,22 ,20 ,2 ,5 
AT01043,EMP0139,2026/02/01,21 ,18 ,3 ,4 
AT01044,EMP0139,2026/03/01,22 ,20 ,2 ,0 
AT01045,EMP0139,2026/04/01,21 ,19 ,2 ,14 
AT01046,EMP0139,2026/05/01,22 ,22 ,0 ,5 
AT01047,EMP0139,2026/06/01,20 ,20 ,0 ,13 
AT01048,EMP0139,2026/07/01,21 ,20 ,1 ,5 
AT01049,EMP0139,2026/08/01,23 ,20 ,3 ,9 
AT01050,EMP0140,2026/01/01,23 ,22 ,1 ,8 
AT01051,EMP0140,2026/02/01,23 ,23 ,0 ,2 
AT01052,EMP0140,2026/03/01,21 ,20 ,1 ,13 
AT01053,EMP0140,2026/04/01,21 ,21 ,0 ,21 
AT01054,EMP0140,2026/05/01,20 ,20 ,0 ,4 
AT01055,EMP0140,2026/06/01,23 ,21 ,2 ,27 
AT01056,EMP0140,2026/07/01,20 ,18 ,2 ,6 
AT01057,EMP0140,2026/08/01,22 ,22 ,0 ,15 
AT01058,EMP0141,2026/01/01,21 ,20 ,1 ,14 
AT01059,EMP0141,2026/02/01,20 ,17 ,3 ,3 
AT01060,EMP0141,2026/03/01,22 ,21 ,1 ,19 
AT01061,EMP0141,2026/04/01,23 ,23 ,0 ,6 
AT01062,EMP0141,2026/05/01,21 ,21 ,0 ,2 
AT01063,EMP0141,2026/06/01,23 ,22 ,1 ,17 
AT01064,EMP0141,2026/07/01,23 ,20 ,3 ,6 
AT01065,EMP0141,2026/08/01,22 ,20 ,2 ,18 
AT01066,EMP0142,2026/01/01,22 ,22 ,0 ,14 
AT01067,EMP0142,2026/02/01,20 ,17 ,3 ,7 
AT01068,EMP0142,2026/03/01,21 ,21 ,0 ,0 
AT01069,EMP0142,2026/04/01,22 ,21 ,1 ,10 
AT01070,EMP0142,2026/05/01,23 ,22 ,1 ,23 
AT01071,EMP0142,2026/06/01,21 ,20 ,1 ,7 
AT01072,EMP0142,2026/07/01,20 ,18 ,2 ,3 
AT01073,EMP0142,2026/08/01,22 ,19 ,3 ,17 
AT01074,EMP0143,2026/01/01,22 ,21 ,1 ,9 
AT01075,EMP0143,2026/02/01,23 ,20 ,3 ,0 
AT01076,EMP0143,2026/03/01,20 ,20 ,0 ,10 
AT01077,EMP0143,2026/04/01,20 ,19 ,1 ,4 
AT01078,EMP0143,2026/05/01,22 ,21 ,1 ,12 
AT01079,EMP0143,2026/06/01,23 ,22 ,1 ,3 
AT01080,EMP0143,2026/07/01,20 ,20 ,0 ,10 
AT01081,EMP0143,2026/08/01,21 ,19 ,2 ,11 
AT01082,EMP0144,2026/01/01,20 ,17 ,3 ,5 
AT01083,EMP0144,2026/02/01,20 ,19 ,1 ,8 
AT01084,EMP0144,2026/03/01,20 ,19 ,1 ,14 
AT01085,EMP0144,2026/04/01,23 ,21 ,2 ,15 
AT01086,EMP0144,2026/05/01,21 ,21 ,0 ,5 
AT01087,EMP0144,2026/06/01,20 ,20 ,0 ,6 
AT01088,EMP0144,2026/07/01,23 ,22 ,1 ,17 
AT01089,EMP0144,2026/08/01,21 ,21 ,0 ,7 
AT01090,EMP0145,2026/01/01,23 ,20 ,3 ,4 
AT01091,EMP0145,2026/02/01,23 ,22 ,1 ,18 
AT01092,EMP0145,2026/03/01,22 ,22 ,0 ,7 
AT01093,EMP0145,2026/04/01,20 ,19 ,1 ,27 
AT01094,EMP0145,2026/05/01,21 ,18 ,3 ,9 
AT01095,EMP0145,2026/06/01,23 ,22 ,1 ,8 
AT01096,EMP0145,2026/07/01,21 ,21 ,0 ,18 
AT01097,EMP0145,2026/08/01,23 ,21 ,2 ,7 
AT01098,EMP0146,2026/01/01,22 ,22 ,0 ,20 
AT01099,EMP0146,2026/02/01,21 ,21 ,0 ,20 
AT01100,EMP0146,2026/03/01,22 ,18 ,4 ,18 
AT01101,EMP0146,2026/04/01,21 ,21 ,0 ,4 
AT01102,EMP0146,2026/05/01,23 ,23 ,0 ,14 
AT01103,EMP0146,2026/06/01,22 ,20 ,2 ,18 
AT01104,EMP0146,2026/07/01,21 ,19 ,2 ,11 
AT01105,EMP0146,2026/08/01,22 ,21 ,1 ,11 
AT01106,EMP0147,2026/01/01,22 ,21 ,1 ,2 
AT01107,EMP0147,2026/02/01,20 ,19 ,1 ,18 
AT01108,EMP0147,2026/03/01,23 ,21 ,2 ,15 
AT01109,EMP0147,2026/04/01,21 ,19 ,2 ,7 
AT01110,EMP0147,2026/05/01,21 ,19 ,2 ,16 
AT01111,EMP0147,2026/06/01,21 ,18 ,3 ,9 
AT01112,EMP0147,2026/07/01,20 ,17 ,3 ,18 
AT01113,EMP0147,2026/08/01,22 ,20 ,2 ,0 
AT01114,EMP0148,2026/01/01,22 ,21 ,1 ,15 
AT01115,EMP0148,2026/02/01,22 ,20 ,2 ,24 
AT01116,EMP0148,2026/03/01,21 ,20 ,1 ,11 
AT01117,EMP0148,2026/04/01,20 ,17 ,3 ,10 
AT01118,EMP0148,2026/05/01,22 ,21 ,1 ,11 
AT01119,EMP0148,2026/06/01,22 ,21 ,1 ,9 
AT01120,EMP0148,2026/07/01,21 ,19 ,2 ,1 
AT01121,EMP0148,2026/08/01,22 ,20 ,2 ,10 
AT01122,EMP0149,2026/01/01,23 ,22 ,1 ,14 
AT01123,EMP0149,2026/02/01,21 ,18 ,3 ,19 
AT01124,EMP0149,2026/03/01,23 ,21 ,2 ,3 
AT01125,EMP0149,2026/04/01,20 ,20 ,0 ,12 
AT01126,EMP0149,2026/05/01,21 ,21 ,0 ,3 
AT01127,EMP0149,2026/06/01,21 ,20 ,1 ,16 
AT01128,EMP0149,2026/07/01,20 ,20 ,0 ,15 
AT01129,EMP0149,2026/08/01,20 ,19 ,1 ,10 
AT01130,EMP0150,2026/01/01,22 ,21 ,1 ,0 
AT01131,EMP0150,2026/02/01,23 ,22 ,1 ,12 
AT01132,EMP0150,2026/03/01,23 ,21 ,2 ,0 
AT01133,EMP0150,2026/04/01,22 ,20 ,2 ,20 
AT01134,EMP0150,2026/05/01,23 ,21 ,2 ,15 
AT01135,EMP0150,2026/06/01,22 ,19 ,3 ,7 
AT01136,EMP0150,2026/07/01,22 ,20 ,2 ,0 
AT01137,EMP0150,2026/08/01,22 ,21 ,1 ,12 
AT01138,EMP0151,2026/01/01,20 ,18 ,2 ,13 
AT01139,EMP0151,2026/02/01,22 ,21 ,1 ,18 
AT01140,EMP0151,2026/03/01,21 ,18 ,3 ,19 
AT01141,EMP0151,2026/04/01,23 ,20 ,3 ,4 
AT01142,EMP0151,2026/05/01,22 ,21 ,1 ,14 
AT01143,EMP0151,2026/06/01,22 ,20 ,2 ,18 
AT01144,EMP0151,2026/07/01,21 ,17 ,4 ,8 
AT01145,EMP0151,2026/08/01,20 ,18 ,2 ,7 
AT01146,EMP0152,2026/01/01,23 ,23 ,0 ,24 
AT01147,EMP0152,2026/02/01,22 ,21 ,1 ,0 
AT01148,EMP0152,2026/03/01,21 ,21 ,0 ,19 
AT01149,EMP0152,2026/04/01,23 ,21 ,2 ,18 
AT01150,EMP0152,2026/05/01,23 ,21 ,2 ,18 
AT01151,EMP0152,2026/06/01,21 ,20 ,1 ,3 
AT01152,EMP0152,2026/07/01,22 ,21 ,1 ,9 
AT01153,EMP0152,2026/08/01,23 ,20 ,3 ,10 
AT01154,EMP0153,2026/01/01,22 ,21 ,1 ,10 
AT01155,EMP0153,2026/02/01,23 ,19 ,4 ,1 
AT01156,EMP0153,2026/03/01,20 ,18 ,2 ,16 
AT01157,EMP0153,2026/04/01,23 ,22 ,1 ,15 
AT01158,EMP0153,2026/05/01,22 ,21 ,1 ,6 
AT01159,EMP0153,2026/06/01,21 ,21 ,0 ,20 
AT01160,EMP0153,2026/07/01,21 ,20 ,1 ,0 
AT01161,EMP0153,2026/08/01,21 ,20 ,1 ,9 
AT01162,EMP0154,2026/01/01,20 ,20 ,0 ,7 
AT01163,EMP0154,2026/02/01,21 ,20 ,1 ,6 
AT01164,EMP0154,2026/03/01,20 ,20 ,0 ,14 
AT01165,EMP0154,2026/04/01,21 ,20 ,1 ,8 
AT01166,EMP0154,2026/05/01,21 ,19 ,2 ,5 
AT01167,EMP0154,2026/06/01,21 ,19 ,2 ,19 
AT01168,EMP0154,2026/07/01,20 ,17 ,3 ,8 
AT01169,EMP0154,2026/08/01,20 ,18 ,2 ,3 
AT01170,EMP0155,2026/01/01,20 ,19 ,1 ,4 
AT01171,EMP0155,2026/02/01,23 ,23 ,0 ,8 
AT01172,EMP0155,2026/03/01,20 ,19 ,1 ,20 
AT01173,EMP0155,2026/04/01,21 ,17 ,4 ,15 
AT01174,EMP0155,2026/05/01,20 ,20 ,0 ,8 
AT01175,EMP0155,2026/06/01,23 ,22 ,1 ,21 
AT01176,EMP0155,2026/07/01,22 ,22 ,0 ,6 
AT01177,EMP0155,2026/08/01,20 ,20 ,0 ,9 
AT01178,EMP0156,2026/01/01,22 ,19 ,3 ,11 
AT01179,EMP0156,2026/02/01,22 ,21 ,1 ,18 
AT01180,EMP0156,2026/03/01,21 ,21 ,0 ,12 
AT01181,EMP0156,2026/04/01,21 ,21 ,0 ,8 
AT01182,EMP0156,2026/05/01,22 ,21 ,1 ,11 
AT01183,EMP0156,2026/06/01,23 ,21 ,2 ,21 
AT01184,EMP0156,2026/07/01,22 ,22 ,0 ,12 
AT01185,EMP0156,2026/08/01,22 ,21 ,1 ,2 
AT01186,EMP0157,2026/01/01,23 ,23 ,0 ,14 
AT01187,EMP0157,2026/02/01,23 ,22 ,1 ,7 
AT01188,EMP0157,2026/03/01,23 ,22 ,1 ,11 
AT01189,EMP0157,2026/04/01,23 ,19 ,4 ,13 
AT01190,EMP0157,2026/05/01,21 ,20 ,1 ,8 
AT01191,EMP0157,2026/06/01,23 ,23 ,0 ,8 
AT01192,EMP0157,2026/07/01,22 ,22 ,0 ,12 
AT01193,EMP0157,2026/08/01,20 ,19 ,1 ,8 
AT01194,EMP0158,2026/01/01,20 ,18 ,2 ,11 
AT01195,EMP0158,2026/02/01,21 ,20 ,1 ,8 
AT01196,EMP0158,2026/03/01,21 ,18 ,3 ,17 
AT01197,EMP0158,2026/04/01,22 ,20 ,2 ,11 
AT01198,EMP0158,2026/05/01,20 ,20 ,0 ,8 
AT01199,EMP0158,2026/06/01,23 ,22 ,1 ,7 
AT01200,EMP0158,2026/07/01,22 ,20 ,2 ,12 
AT01201,EMP0158,2026/08/01,21 ,19 ,2 ,0 
AT01202,EMP0159,2026/01/01,22 ,22 ,0 ,5 
AT01203,EMP0159,2026/02/01,21 ,17 ,4 ,7 
AT01204,EMP0159,2026/03/01,23 ,22 ,1 ,19 
AT01205,EMP0159,2026/04/01,22 ,21 ,1 ,7 
AT01206,EMP0159,2026/05/01,20 ,19 ,1 ,0 
AT01207,EMP0159,2026/06/01,21 ,20 ,1 ,9 
AT01208,EMP0159,2026/07/01,22 ,21 ,1 ,10 
AT01209,EMP0159,2026/08/01,20 ,18 ,2 ,15 
AT01210,EMP0160,2026/01/01,23 ,20 ,3 ,17 
AT01211,EMP0160,2026/02/01,20 ,18 ,2 ,12 
AT01212,EMP0160,2026/03/01,22 ,21 ,1 ,0 
AT01213,EMP0160,2026/04/01,21 ,20 ,1 ,8 
AT01214,EMP0160,2026/05/01,23 ,21 ,2 ,3 
AT01215,EMP0160,2026/06/01,23 ,21 ,2 ,10 
AT01216,EMP0160,2026/07/01,21 ,21 ,0 ,14 
AT01217,EMP0160,2026/08/01,23 ,23 ,0 ,0 
AT01218,EMP0161,2026/01/01,23 ,22 ,1 ,9 
AT01219,EMP0161,2026/02/01,20 ,18 ,2 ,5 
AT01220,EMP0161,2026/03/01,22 ,20 ,2 ,16 
AT01221,EMP0161,2026/04/01,23 ,20 ,3 ,8 
AT01222,EMP0161,2026/05/01,23 ,22 ,1 ,11 
AT01223,EMP0161,2026/06/01,23 ,22 ,1 ,0 
AT01224,EMP0161,2026/07/01,21 ,20 ,1 ,5 
AT01225,EMP0161,2026/08/01,22 ,22 ,0 ,0 
AT01226,EMP0162,2026/01/01,21 ,19 ,2 ,18 
AT01227,EMP0162,2026/02/01,21 ,21 ,0 ,22 
AT01228,EMP0162,2026/03/01,23 ,20 ,3 ,5 
AT01229,EMP0162,2026/04/01,20 ,19 ,1 ,24 
AT01230,EMP0162,2026/05/01,22 ,20 ,2 ,20 
AT01231,EMP0162,2026/06/01,21 ,18 ,3 ,19 
AT01232,EMP0162,2026/07/01,21 ,19 ,2 ,7 
AT01233,EMP0162,2026/08/01,21 ,21 ,0 ,12 
AT01234,EMP0163,2026/01/01,23 ,21 ,2 ,15 
AT01235,EMP0163,2026/02/01,21 ,21 ,0 ,1 
AT01236,EMP0163,2026/03/01,22 ,22 ,0 ,1 
AT01237,EMP0163,2026/04/01,21 ,19 ,2 ,0 
AT01238,EMP0163,2026/05/01,23 ,20 ,3 ,20 
AT01239,EMP0163,2026/06/01,23 ,23 ,0 ,10 
AT01240,EMP0163,2026/07/01,21 ,20 ,1 ,4 
AT01241,EMP0163,2026/08/01,23 ,20 ,3 ,17 
AT01242,EMP0164,2026/01/01,23 ,21 ,2 ,7 
AT01243,EMP0164,2026/02/01,22 ,21 ,1 ,9 
AT01244,EMP0164,2026/03/01,20 ,19 ,1 ,19 
AT01245,EMP0164,2026/04/01,20 ,17 ,3 ,15 
AT01246,EMP0164,2026/05/01,21 ,19 ,2 ,14 
AT01247,EMP0164,2026/06/01,22 ,21 ,1 ,8 
AT01248,EMP0164,2026/07/01,22 ,22 ,0 ,17 
AT01249,EMP0164,2026/08/01,22 ,20 ,2 ,9 
AT01250,EMP0165,2026/01/01,22 ,19 ,3 ,8 
AT01251,EMP0165,2026/02/01,22 ,21 ,1 ,12 
AT01252,EMP0165,2026/03/01,21 ,20 ,1 ,3 
AT01253,EMP0165,2026/04/01,22 ,22 ,0 ,13 
AT01254,EMP0165,2026/05/01,22 ,20 ,2 ,8 
AT01255,EMP0165,2026/06/01,21 ,21 ,0 ,14 
AT01256,EMP0165,2026/07/01,20 ,18 ,2 ,17 
AT01257,EMP0165,2026/08/01,20 ,17 ,3 ,14 
AT01258,EMP0166,2026/01/01,23 ,23 ,0 ,1 
AT01259,EMP0166,2026/02/01,20 ,17 ,3 ,2 
AT01260,EMP0166,2026/03/01,22 ,22 ,0 ,6 
AT01261,EMP0166,2026/04/01,22 ,21 ,1 ,8 
AT01262,EMP0166,2026/05/01,21 ,20 ,1 ,9 
AT01263,EMP0166,2026/06/01,20 ,19 ,1 ,0 
AT01264,EMP0166,2026/07/01,23 ,22 ,1 ,8 
AT01265,EMP0166,2026/08/01,23 ,21 ,2 ,20 
AT01266,EMP0167,2026/01/01,21 ,19 ,2 ,0 
AT01267,EMP0167,2026/02/01,23 ,21 ,2 ,6 
AT01268,EMP0167,2026/03/01,22 ,20 ,2 ,8 
AT01269,EMP0167,2026/04/01,20 ,19 ,1 ,11 
AT01270,EMP0167,2026/05/01,22 ,22 ,0 ,16 
AT01271,EMP0167,2026/06/01,22 ,21 ,1 ,18 
AT01272,EMP0167,2026/07/01,20 ,20 ,0 ,13 
AT01273,EMP0167,2026/08/01,21 ,18 ,3 ,3 
AT01274,EMP0168,2026/01/01,20 ,18 ,2 ,7 
AT01275,EMP0168,2026/02/01,21 ,20 ,1 ,0 
AT01276,EMP0168,2026/03/01,21 ,20 ,1 ,11 
AT01277,EMP0168,2026/04/01,21 ,21 ,0 ,9 
AT01278,EMP0168,2026/05/01,21 ,20 ,1 ,14 
AT01279,EMP0168,2026/06/01,21 ,20 ,1 ,20 
AT01280,EMP0168,2026/07/01,21 ,20 ,1 ,12 
AT01281,EMP0168,2026/08/01,20 ,17 ,3 ,9 
AT01282,EMP0169,2026/01/01,21 ,19 ,2 ,2 
AT01283,EMP0169,2026/02/01,20 ,17 ,3 ,4 
AT01284,EMP0169,2026/03/01,20 ,20 ,0 ,21 
AT01285,EMP0169,2026/04/01,20 ,20 ,0 ,2 
AT01286,EMP0169,2026/05/01,23 ,23 ,0 ,15 
AT01287,EMP0169,2026/06/01,21 ,19 ,2 ,0 
AT01288,EMP0169,2026/07/01,20 ,18 ,2 ,20 
AT01289,EMP0169,2026/08/01,22 ,21 ,1 ,8 
AT01290,EMP0170,2026/01/01,20 ,19 ,1 ,0 
AT01291,EMP0170,2026/02/01,23 ,21 ,2 ,5 
AT01292,EMP0170,2026/03/01,20 ,18 ,2 ,0 
AT01293,EMP0170,2026/04/01,20 ,20 ,0 ,10 
AT01294,EMP0170,2026/05/01,20 ,18 ,2 ,2 
AT01295,EMP0170,2026/06/01,20 ,16 ,4 ,5 
AT01296,EMP0170,2026/07/01,20 ,18 ,2 ,12 
AT01297,EMP0170,2026/08/01,22 ,22 ,0 ,8 
AT01298,EMP0171,2026/01/01,23 ,23 ,0 ,7 
AT01299,EMP0171,2026/02/01,22 ,21 ,1 ,17 
AT01300,EMP0171,2026/03/01,23 ,23 ,0 ,11 
AT01301,EMP0171,2026/04/01,20 ,17 ,3 ,0 
AT01302,EMP0171,2026/05/01,23 ,21 ,2 ,23 
AT01303,EMP0171,2026/06/01,22 ,22 ,0 ,17 
AT01304,EMP0171,2026/07/01,22 ,22 ,0 ,9 
AT01305,EMP0171,2026/08/01,21 ,21 ,0 ,1 
AT01306,EMP0172,2026/01/01,21 ,20 ,1 ,7 
AT01307,EMP0172,2026/02/01,20 ,19 ,1 ,6 
AT01308,EMP0172,2026/03/01,23 ,22 ,1 ,7 
AT01309,EMP0172,2026/04/01,20 ,20 ,0 ,4 
AT01310,EMP0172,2026/05/01,23 ,22 ,1 ,17 
AT01311,EMP0172,2026/06/01,23 ,21 ,2 ,13 
AT01312,EMP0172,2026/07/01,22 ,21 ,1 ,8 
AT01313,EMP0172,2026/08/01,21 ,17 ,4 ,19 
AT01314,EMP0173,2026/01/01,21 ,21 ,0 ,13 
AT01315,EMP0173,2026/02/01,23 ,23 ,0 ,16 
AT01316,EMP0173,2026/03/01,22 ,21 ,1 ,11 
AT01317,EMP0173,2026/04/01,22 ,20 ,2 ,12 
AT01318,EMP0173,2026/05/01,20 ,19 ,1 ,20 
AT01319,EMP0173,2026/06/01,22 ,19 ,3 ,7 
AT01320,EMP0173,2026/07/01,23 ,19 ,4 ,12 
AT01321,EMP0173,2026/08/01,20 ,19 ,1 ,7 
AT01322,EMP0174,2026/01/01,20 ,20 ,0 ,19 
AT01323,EMP0174,2026/02/01,23 ,22 ,1 ,5 
AT01324,EMP0174,2026/03/01,20 ,17 ,3 ,12 
AT01325,EMP0174,2026/04/01,23 ,23 ,0 ,9 
AT01326,EMP0174,2026/05/01,20 ,20 ,0 ,2 
AT01327,EMP0174,2026/06/01,20 ,20 ,0 ,12 
AT01328,EMP0174,2026/07/01,21 ,19 ,2 ,14 
AT01329,EMP0174,2026/08/01,20 ,18 ,2 ,9 
AT01330,EMP0175,2026/01/01,20 ,20 ,0 ,20 
AT01331,EMP0175,2026/02/01,21 ,19 ,2 ,12 
AT01332,EMP0175,2026/03/01,22 ,21 ,1 ,12 
AT01333,EMP0175,2026/04/01,21 ,20 ,1 ,0 
AT01334,EMP0175,2026/05/01,22 ,19 ,3 ,8 
AT01335,EMP0175,2026/06/01,22 ,22 ,0 ,7 
AT01336,EMP0175,2026/07/01,22 ,20 ,2 ,19 
AT01337,EMP0175,2026/08/01,22 ,22 ,0 ,6 
AT01338,EMP0176,2026/01/01,20 ,19 ,1 ,16 
AT01339,EMP0176,2026/02/01,21 ,20 ,1 ,10 
AT01340,EMP0176,2026/03/01,21 ,19 ,2 ,8 
AT01341,EMP0176,2026/04/01,20 ,16 ,4 ,11 
AT01342,EMP0176,2026/05/01,23 ,22 ,1 ,0 
AT01343,EMP0176,2026/06/01,23 ,23 ,0 ,7 
AT01344,EMP0176,2026/07/01,21 ,18 ,3 ,11 
AT01345,EMP0176,2026/08/01,21 ,19 ,2 ,5 
AT01346,EMP0177,2026/01/01,23 ,23 ,0 ,6 
AT01347,EMP0177,2026/02/01,22 ,22 ,0 ,20 
AT01348,EMP0177,2026/03/01,21 ,19 ,2 ,0 
AT01349,EMP0177,2026/04/01,22 ,22 ,0 ,12 
AT01350,EMP0177,2026/05/01,20 ,17 ,3 ,8 
AT01351,EMP0177,2026/06/01,21 ,19 ,2 ,8 
AT01352,EMP0177,2026/07/01,22 ,22 ,0 ,17 
AT01353,EMP0177,2026/08/01,20 ,18 ,2 ,13 
AT01354,EMP0178,2026/01/01,23 ,23 ,0 ,1 
AT01355,EMP0178,2026/02/01,20 ,20 ,0 ,8 
AT01356,EMP0178,2026/03/01,21 ,19 ,2 ,5 
AT01357,EMP0178,2026/04/01,21 ,21 ,0 ,12 
AT01358,EMP0178,2026/05/01,22 ,21 ,1 ,21 
AT01359,EMP0178,2026/06/01,20 ,19 ,1 ,17 
AT01360,EMP0178,2026/07/01,23 ,22 ,1 ,10 
AT01361,EMP0178,2026/08/01,21 ,20 ,1 ,0 
AT01362,EMP0179,2026/01/01,23 ,22 ,1 ,19 
AT01363,EMP0179,2026/02/01,21 ,21 ,0 ,11 
AT01364,EMP0179,2026/03/01,20 ,20 ,0 ,9 
AT01365,EMP0179,2026/04/01,22 ,21 ,1 ,18 
AT01366,EMP0179,2026/05/01,20 ,19 ,1 ,15 
AT01367,EMP0179,2026/06/01,23 ,22 ,1 ,14 
AT01368,EMP0179,2026/07/01,20 ,20 ,0 ,10 
AT01369,EMP0179,2026/08/01,22 ,20 ,2 ,7 
AT01370,EMP0180,2026/01/01,21 ,21 ,0 ,15 
AT01371,EMP0180,2026/02/01,21 ,21 ,0 ,9 
AT01372,EMP0180,2026/03/01,23 ,21 ,2 ,13 
AT01373,EMP0180,2026/04/01,20 ,17 ,3 ,16 
AT01374,EMP0180,2026/05/01,20 ,19 ,1 ,0 
AT01375,EMP0180,2026/06/01,20 ,19 ,1 ,1 
AT01376,EMP0180,2026/07/01,20 ,18 ,2 ,13 
AT01377,EMP0180,2026/08/01,23 ,22 ,1 ,15 
AT01378,EMP0181,2026/01/01,23 ,19 ,4 ,6 
AT01379,EMP0181,2026/02/01,23 ,23 ,0 ,9 
AT01380,EMP0181,2026/03/01,22 ,19 ,3 ,4 
AT01381,EMP0181,2026/04/01,20 ,18 ,2 ,8 
AT01382,EMP0181,2026/05/01,20 ,19 ,1 ,12 
AT01383,EMP0181,2026/06/01,21 ,20 ,1 ,5 
AT01384,EMP0181,2026/07/01,22 ,21 ,1 ,7 
AT01385,EMP0181,2026/08/01,23 ,22 ,1 ,12 
AT01386,EMP0182,2026/01/01,21 ,19 ,2 ,17 
AT01387,EMP0182,2026/02/01,22 ,21 ,1 ,6 
AT01388,EMP0182,2026/03/01,20 ,19 ,1 ,0 
AT01389,EMP0182,2026/04/01,21 ,20 ,1 ,2 
AT01390,EMP0182,2026/05/01,21 ,19 ,2 ,7 
AT01391,EMP0182,2026/06/01,21 ,20 ,1 ,12 
AT01392,EMP0182,2026/07/01,20 ,19 ,1 ,14 
AT01393,EMP0182,2026/08/01,22 ,21 ,1 ,8 
AT01394,EMP0183,2026/01/01,22 ,20 ,2 ,10 
AT01395,EMP0183,2026/02/01,20 ,18 ,2 ,11 
AT01396,EMP0183,2026/03/01,20 ,18 ,2 ,7 
AT01397,EMP0183,2026/04/01,20 ,19 ,1 ,10 
AT01398,EMP0183,2026/05/01,23 ,18 ,5 ,14 
AT01399,EMP0183,2026/06/01,20 ,20 ,0 ,0 
AT01400,EMP0183,2026/07/01,23 ,22 ,1 ,17 
AT01401,EMP0183,2026/08/01,21 ,17 ,4 ,5 
AT01402,EMP0184,2026/01/01,20 ,19 ,1 ,12 
AT01403,EMP0184,2026/02/01,21 ,21 ,0 ,20 
AT01404,EMP0184,2026/03/01,22 ,21 ,1 ,9 
AT01405,EMP0184,2026/04/01,23 ,22 ,1 ,11 
AT01406,EMP0184,2026/05/01,23 ,22 ,1 ,10 
AT01407,EMP0184,2026/06/01,22 ,19 ,3 ,8 
AT01408,EMP0184,2026/07/01,23 ,21 ,2 ,8 
AT01409,EMP0184,2026/08/01,20 ,18 ,2 ,14 
AT01410,EMP0185,2026/01/01,22 ,20 ,2 ,0 
AT01411,EMP0185,2026/02/01,22 ,21 ,1 ,5 
AT01412,EMP0185,2026/03/01,20 ,20 ,0 ,18 
AT01413,EMP0185,2026/04/01,22 ,21 ,1 ,11 
AT01414,EMP0185,2026/05/01,22 ,22 ,0 ,12 
AT01415,EMP0185,2026/06/01,21 ,18 ,3 ,11 
AT01416,EMP0185,2026/07/01,23 ,21 ,2 ,9 
AT01417,EMP0185,2026/08/01,23 ,22 ,1 ,0 
AT01418,EMP0186,2026/01/01,20 ,19 ,1 ,0 
AT01419,EMP0186,2026/02/01,23 ,21 ,2 ,8 
AT01420,EMP0186,2026/03/01,23 ,22 ,1 ,4 
AT01421,EMP0186,2026/04/01,22 ,20 ,2 ,14 
AT01422,EMP0186,2026/05/01,23 ,22 ,1 ,10 
AT01423,EMP0186,2026/06/01,21 ,20 ,1 ,17 
AT01424,EMP0186,2026/07/01,22 ,22 ,0 ,1 
AT01425,EMP0186,2026/08/01,22 ,22 ,0 ,13 
AT01426,EMP0187,2026/01/01,21 ,21 ,0 ,9 
AT01427,EMP0187,2026/02/01,22 ,22 ,0 ,14 
AT01428,EMP0187,2026/03/01,23 ,21 ,2 ,14 
AT01429,EMP0187,2026/04/01,20 ,16 ,4 ,10 
AT01430,EMP0187,2026/05/01,22 ,22 ,0 ,0 
AT01431,EMP0187,2026/06/01,20 ,19 ,1 ,18 
AT01432,EMP0187,2026/07/01,22 ,22 ,0 ,1 
AT01433,EMP0187,2026/08/01,20 ,20 ,0 ,13 
AT01434,EMP0188,2026/01/01,20 ,20 ,0 ,2 
AT01435,EMP0188,2026/02/01,20 ,19 ,1 ,14 
AT01436,EMP0188,2026/03/01,23 ,20 ,3 ,6 
AT01437,EMP0188,2026/04/01,23 ,22 ,1 ,2 
AT01438,EMP0188,2026/05/01,23 ,21 ,2 ,12 
AT01439,EMP0188,2026/06/01,22 ,22 ,0 ,0 
AT01440,EMP0188,2026/07/01,20 ,20 ,0 ,0 
AT01441,EMP0188,2026/08/01,20 ,19 ,1 ,11 
AT01442,EMP0189,2026/01/01,23 ,23 ,0 ,22 
AT01443,EMP0189,2026/02/01,21 ,19 ,2 ,0 
AT01444,EMP0189,2026/03/01,20 ,17 ,3 ,8 
AT01445,EMP0189,2026/04/01,22 ,18 ,4 ,2 
AT01446,EMP0189,2026/05/01,22 ,22 ,0 ,12 
AT01447,EMP0189,2026/06/01,23 ,21 ,2 ,8 
AT01448,EMP0189,2026/07/01,22 ,21 ,1 ,12 
AT01449,EMP0189,2026/08/01,23 ,23 ,0 ,19 
AT01450,EMP0190,2026/01/01,20 ,17 ,3 ,12 
AT01451,EMP0190,2026/02/01,23 ,21 ,2 ,0 
AT01452,EMP0190,2026/03/01,22 ,21 ,1 ,14 
AT01453,EMP0190,2026/04/01,20 ,18 ,2 ,9 
AT01454,EMP0190,2026/05/01,23 ,21 ,2 ,14 
AT01455,EMP0190,2026/06/01,23 ,21 ,2 ,10 
AT01456,EMP0190,2026/07/01,22 ,21 ,1 ,10 
AT01457,EMP0190,2026/08/01,23 ,22 ,1 ,5 
AT01458,EMP0191,2026/01/01,23 ,22 ,1 ,16 
AT01459,EMP0191,2026/02/01,21 ,20 ,1 ,13 
AT01460,EMP0191,2026/03/01,23 ,21 ,2 ,5 
AT01461,EMP0191,2026/04/01,21 ,21 ,0 ,11 
AT01462,EMP0191,2026/05/01,23 ,22 ,1 ,2 
AT01463,EMP0191,2026/06/01,20 ,19 ,1 ,2 
AT01464,EMP0191,2026/07/01,20 ,19 ,1 ,19 
AT01465,EMP0191,2026/08/01,23 ,23 ,0 ,11 
AT01466,EMP0192,2026/01/01,23 ,23 ,0 ,11 
AT01467,EMP0192,2026/02/01,23 ,22 ,1 ,5 
AT01468,EMP0192,2026/03/01,20 ,19 ,1 ,8 
AT01469,EMP0192,2026/04/01,23 ,23 ,0 ,3 
AT01470,EMP0192,2026/05/01,22 ,20 ,2 ,7 
AT01471,EMP0192,2026/06/01,21 ,18 ,3 ,13 
AT01472,EMP0192,2026/07/01,21 ,20 ,1 ,2 
AT01473,EMP0192,2026/08/01,22 ,21 ,1 ,7 
AT01474,EMP0193,2026/01/01,21 ,21 ,0 ,15 
AT01475,EMP0193,2026/02/01,22 ,20 ,2 ,12 
AT01476,EMP0193,2026/03/01,22 ,20 ,2 ,9 
AT01477,EMP0193,2026/04/01,21 ,20 ,1 ,10 
AT01478,EMP0193,2026/05/01,22 ,20 ,2 ,8 
AT01479,EMP0193,2026/06/01,20 ,20 ,0 ,6 
AT01480,EMP0193,2026/07/01,23 ,22 ,1 ,11 
AT01481,EMP0193,2026/08/01,20 ,18 ,2 ,14 
AT01482,EMP0194,2026/01/01,23 ,22 ,1 ,9 
AT01483,EMP0194,2026/02/01,20 ,18 ,2 ,9 
AT01484,EMP0194,2026/03/01,20 ,19 ,1 ,17 
AT01485,EMP0194,2026/04/01,23 ,21 ,2 ,16 
AT01486,EMP0194,2026/05/01,21 ,19 ,2 ,12 
AT01487,EMP0194,2026/06/01,20 ,18 ,2 ,8 
AT01488,EMP0194,2026/07/01,22 ,22 ,0 ,10 
AT01489,EMP0194,2026/08/01,21 ,19 ,2 ,11 
AT01490,EMP0195,2026/01/01,20 ,19 ,1 ,3 
AT01491,EMP0195,2026/02/01,23 ,22 ,1 ,14 
AT01492,EMP0195,2026/03/01,22 ,22 ,0 ,13 
AT01493,EMP0195,2026/04/01,20 ,20 ,0 ,14 
AT01494,EMP0195,2026/05/01,21 ,20 ,1 ,12 
AT01495,EMP0195,2026/06/01,21 ,21 ,0 ,22 
AT01496,EMP0195,2026/07/01,23 ,21 ,2 ,0 
AT01497,EMP0195,2026/08/01,23 ,21 ,2 ,16 
AT01498,EMP0196,2026/01/01,21 ,20 ,1 ,11 
AT01499,EMP0196,2026/02/01,22 ,22 ,0 ,3 
AT01500,EMP0196,2026/03/01,21 ,18 ,3 ,3 
AT01501,EMP0196,2026/04/01,23 ,19 ,4 ,2 
AT01502,EMP0196,2026/05/01,20 ,18 ,2 ,4 
AT01503,EMP0196,2026/06/01,22 ,21 ,1 ,10 
AT01504,EMP0196,2026/07/01,23 ,23 ,0 ,4 
AT01505,EMP0196,2026/08/01,21 ,19 ,2 ,5 
AT01506,EMP0197,2026/01/01,21 ,20 ,1 ,20 
AT01507,EMP0197,2026/02/01,21 ,20 ,1 ,6 
AT01508,EMP0197,2026/03/01,23 ,21 ,2 ,6 
AT01509,EMP0197,2026/04/01,22 ,21 ,1 ,3 
AT01510,EMP0197,2026/05/01,22 ,20 ,2 ,4 
AT01511,EMP0197,2026/06/01,21 ,21 ,0 ,21 
AT01512,EMP0197,2026/07/01,23 ,21 ,2 ,17 
AT01513,EMP0197,2026/08/01,22 ,21 ,1 ,11 
AT01514,EMP0198,2026/01/01,20 ,17 ,3 ,4 
AT01515,EMP0198,2026/02/01,23 ,22 ,1 ,16 
AT01516,EMP0198,2026/03/01,22 ,21 ,1 ,15 
AT01517,EMP0198,2026/04/01,20 ,18 ,2 ,4 
AT01518,EMP0198,2026/05/01,22 ,22 ,0 ,22 
AT01519,EMP0198,2026/06/01,21 ,18 ,3 ,11 
AT01520,EMP0198,2026/07/01,21 ,20 ,1 ,8 
AT01521,EMP0198,2026/08/01,23 ,23 ,0 ,15 
AT01522,EMP0199,2026/01/01,21 ,18 ,3 ,16 
AT01523,EMP0199,2026/02/01,23 ,22 ,1 ,13 
AT01524,EMP0199,2026/03/01,22 ,22 ,0 ,3 
AT01525,EMP0199,2026/04/01,21 ,21 ,0 ,10 
AT01526,EMP0199,2026/05/01,22 ,22 ,0 ,8 
AT01527,EMP0199,2026/06/01,23 ,22 ,1 ,13 
AT01528,EMP0199,2026/07/01,22 ,22 ,0 ,11 
AT01529,EMP0199,2026/08/01,20 ,19 ,1 ,5 
AT01530,EMP0200,2026/01/01,23 ,19 ,4 ,2 
AT01531,EMP0200,2026/02/01,20 ,17 ,3 ,0 
AT01532,EMP0200,2026/03/01,20 ,18 ,2 ,9 
AT01533,EMP0200,2026/04/01,22 ,22 ,0 ,7 
AT01534,EMP0200,2026/05/01,22 ,18 ,4 ,9 
AT01535,EMP0200,2026/06/01,21 ,20 ,1 ,3 
AT01536,EMP0200,2026/07/01,22 ,21 ,1 ,6 
AT01537,EMP0200,2026/08/01,23 ,21 ,2 ,8 
AT01538,EMP0201,2026/01/01,21 ,18 ,3 ,12 
AT01539,EMP0201,2026/02/01,21 ,20 ,1 ,9 
AT01540,EMP0201,2026/03/01,21 ,21 ,0 ,21 
AT01541,EMP0201,2026/04/01,20 ,20 ,0 ,11 
AT01542,EMP0201,2026/05/01,22 ,20 ,2 ,0 
AT01543,EMP0201,2026/06/01,21 ,20 ,1 ,13 
AT01544,EMP0201,2026/07/01,20 ,19 ,1 ,6 
AT01545,EMP0201,2026/08/01,21 ,19 ,2 ,22 
AT01546,EMP0202,2026/01/01,23 ,21 ,2 ,0 
AT01547,EMP0202,2026/02/01,21 ,20 ,1 ,8 
AT01548,EMP0202,2026/03/01,21 ,19 ,2 ,0 
AT01549,EMP0202,2026/04/01,23 ,23 ,0 ,13 
AT01550,EMP0202,2026/05/01,21 ,20 ,1 ,0 
AT01551,EMP0202,2026/06/01,21 ,19 ,2 ,4 
AT01552,EMP0202,2026/07/01,22 ,21 ,1 ,8 
AT01553,EMP0202,2026/08/01,20 ,19 ,1 ,14 
AT01554,EMP0203,2026/01/01,21 ,19 ,2 ,11 
AT01555,EMP0203,2026/02/01,20 ,19 ,1 ,8 
AT01556,EMP0203,2026/03/01,20 ,19 ,1 ,1 
AT01557,EMP0203,2026/04/01,22 ,22 ,0 ,0 
AT01558,EMP0203,2026/05/01,22 ,21 ,1 ,10 
AT01559,EMP0203,2026/06/01,22 ,21 ,1 ,13 
AT01560,EMP0203,2026/07/01,22 ,17 ,5 ,18 
AT01561,EMP0203,2026/08/01,23 ,22 ,1 ,12 
AT01562,EMP0204,2026/01/01,22 ,21 ,1 ,1 
AT01563,EMP0204,2026/02/01,20 ,19 ,1 ,9 
AT01564,EMP0204,2026/03/01,20 ,18 ,2 ,13 
AT01565,EMP0204,2026/04/01,23 ,20 ,3 ,1 
AT01566,EMP0204,2026/05/01,23 ,23 ,0 ,2 
AT01567,EMP0204,2026/06/01,20 ,18 ,2 ,9 
AT01568,EMP0204,2026/07/01,21 ,19 ,2 ,11 
AT01569,EMP0204,2026/08/01,23 ,23 ,0 ,7 
AT01570,EMP0205,2026/01/01,22 ,22 ,0 ,13 
AT01571,EMP0205,2026/02/01,20 ,17 ,3 ,12 
AT01572,EMP0205,2026/03/01,20 ,19 ,1 ,11 
AT01573,EMP0205,2026/04/01,23 ,23 ,0 ,9 
AT01574,EMP0205,2026/05/01,23 ,22 ,1 ,18 
AT01575,EMP0205,2026/06/01,21 ,19 ,2 ,14 
AT01576,EMP0205,2026/07/01,22 ,21 ,1 ,9 
AT01577,EMP0205,2026/08/01,23 ,21 ,2 ,19 
AT01578,EMP0206,2026/01/01,22 ,21 ,1 ,8 
AT01579,EMP0206,2026/02/01,23 ,21 ,2 ,6 
AT01580,EMP0206,2026/03/01,23 ,20 ,3 ,4 
AT01581,EMP0206,2026/04/01,23 ,22 ,1 ,12 
AT01582,EMP0206,2026/05/01,22 ,21 ,1 ,8 
AT01583,EMP0206,2026/06/01,23 ,22 ,1 ,21 
AT01584,EMP0206,2026/07/01,23 ,21 ,2 ,5 
AT01585,EMP0206,2026/08/01,22 ,22 ,0 ,7 
AT01586,EMP0207,2026/01/01,22 ,19 ,3 ,0 
AT01587,EMP0207,2026/02/01,20 ,19 ,1 ,13 
AT01588,EMP0207,2026/03/01,21 ,21 ,0 ,4 
AT01589,EMP0207,2026/04/01,22 ,22 ,0 ,8 
AT01590,EMP0207,2026/05/01,21 ,19 ,2 ,14 
AT01591,EMP0207,2026/06/01,23 ,23 ,0 ,10 
AT01592,EMP0207,2026/07/01,21 ,21 ,0 ,16 
AT01593,EMP0207,2026/08/01,20 ,18 ,2 ,7 
AT01594,EMP0208,2026/01/01,23 ,20 ,3 ,16 
AT01595,EMP0208,2026/02/01,23 ,23 ,0 ,11 
AT01596,EMP0208,2026/03/01,20 ,18 ,2 ,1 
AT01597,EMP0208,2026/04/01,20 ,17 ,3 ,10 
AT01598,EMP0208,2026/05/01,21 ,19 ,2 ,12 
AT01599,EMP0208,2026/06/01,22 ,22 ,0 ,5 
AT01600,EMP0208,2026/07/01,21 ,21 ,0 ,4 
AT01601,EMP0208,2026/08/01,23 ,22 ,1 ,10 
AT01602,EMP0209,2026/01/01,23 ,22 ,1 ,8 
AT01603,EMP0209,2026/02/01,22 ,20 ,2 ,23 
AT01604,EMP0209,2026/03/01,22 ,21 ,1 ,3 
AT01605,EMP0209,2026/04/01,23 ,21 ,2 ,10 
AT01606,EMP0209,2026/05/01,22 ,21 ,1 ,6 
AT01607,EMP0209,2026/06/01,20 ,19 ,1 ,3 
AT01608,EMP0209,2026/07/01,23 ,22 ,1 ,5 
AT01609,EMP0209,2026/08/01,22 ,19 ,3 ,17 
AT01610,EMP0210,2026/01/01,23 ,22 ,1 ,8 
AT01611,EMP0210,2026/02/01,20 ,16 ,4 ,4 
AT01612,EMP0210,2026/03/01,23 ,22 ,1 ,6 
AT01613,EMP0210,2026/04/01,20 ,20 ,0 ,11 
AT01614,EMP0210,2026/05/01,21 ,20 ,1 ,9 
AT01615,EMP0210,2026/06/01,21 ,20 ,1 ,8 
AT01616,EMP0210,2026/07/01,22 ,21 ,1 ,7 
AT01617,EMP0210,2026/08/01,23 ,23 ,0 ,15 
AT01618,EMP0211,2026/01/01,21 ,20 ,1 ,16 
AT01619,EMP0211,2026/02/01,22 ,21 ,1 ,10 
AT01620,EMP0211,2026/03/01,22 ,22 ,0 ,0 
AT01621,EMP0211,2026/04/01,20 ,18 ,2 ,13 
AT01622,EMP0211,2026/05/01,22 ,21 ,1 ,10 
AT01623,EMP0211,2026/06/01,22 ,22 ,0 ,3 
AT01624,EMP0211,2026/07/01,22 ,22 ,0 ,10 
AT01625,EMP0211,2026/08/01,22 ,20 ,2 ,2 
AT01626,EMP0212,2026/01/01,21 ,21 ,0 ,13 
AT01627,EMP0212,2026/02/01,20 ,17 ,3 ,4 
AT01628,EMP0212,2026/03/01,22 ,20 ,2 ,8 
AT01629,EMP0212,2026/04/01,23 ,21 ,2 ,1 
AT01630,EMP0212,2026/05/01,21 ,20 ,1 ,4 
AT01631,EMP0212,2026/06/01,21 ,20 ,1 ,26 
AT01632,EMP0212,2026/07/01,22 ,22 ,0 ,16 
AT01633,EMP0212,2026/08/01,20 ,19 ,1 ,1 
AT01634,EMP0213,2026/01/01,23 ,21 ,2 ,7 
AT01635,EMP0213,2026/02/01,20 ,18 ,2 ,16 
AT01636,EMP0213,2026/03/01,22 ,20 ,2 ,15 
AT01637,EMP0213,2026/04/01,21 ,21 ,0 ,9 
AT01638,EMP0213,2026/05/01,20 ,19 ,1 ,9 
AT01639,EMP0213,2026/06/01,20 ,16 ,4 ,10 
AT01640,EMP0213,2026/07/01,21 ,21 ,0 ,4 
AT01641,EMP0213,2026/08/01,23 ,21 ,2 ,30 
AT01642,EMP0214,2026/01/01,20 ,19 ,1 ,13 
AT01643,EMP0214,2026/02/01,22 ,20 ,2 ,12 
AT01644,EMP0214,2026/03/01,20 ,18 ,2 ,16 
AT01645,EMP0214,2026/04/01,21 ,20 ,1 ,16 
AT01646,EMP0214,2026/05/01,20 ,19 ,1 ,13 
AT01647,EMP0214,2026/06/01,21 ,18 ,3 ,21 
AT01648,EMP0214,2026/07/01,23 ,22 ,1 ,5 
AT01649,EMP0214,2026/08/01,20 ,18 ,2 ,13 
AT01650,EMP0215,2026/01/01,20 ,20 ,0 ,11 
AT01651,EMP0215,2026/02/01,23 ,21 ,2 ,17 
AT01652,EMP0215,2026/03/01,22 ,20 ,2 ,16 
AT01653,EMP0215,2026/04/01,21 ,19 ,2 ,1 
AT01654,EMP0215,2026/05/01,21 ,19 ,2 ,3 
AT01655,EMP0215,2026/06/01,21 ,21 ,0 ,14 
AT01656,EMP0215,2026/07/01,22 ,22 ,0 ,4 
AT01657,EMP0215,2026/08/01,21 ,18 ,3 ,8 
AT01658,EMP0216,2026/01/01,23 ,22 ,1 ,11 
AT01659,EMP0216,2026/02/01,22 ,21 ,1 ,23 
AT01660,EMP0216,2026/03/01,20 ,19 ,1 ,12 
AT01661,EMP0216,2026/04/01,20 ,20 ,0 ,0 
AT01662,EMP0216,2026/05/01,21 ,19 ,2 ,14 
AT01663,EMP0216,2026/06/01,22 ,21 ,1 ,2 
AT01664,EMP0216,2026/07/01,23 ,22 ,1 ,10 
AT01665,EMP0216,2026/08/01,20 ,20 ,0 ,5 
AT01666,EMP0217,2026/01/01,20 ,17 ,3 ,8 
AT01667,EMP0217,2026/02/01,21 ,17 ,4 ,7 
AT01668,EMP0217,2026/03/01,23 ,23 ,0 ,0 
AT01669,EMP0217,2026/04/01,20 ,19 ,1 ,9 
AT01670,EMP0217,2026/05/01,20 ,18 ,2 ,0 
AT01671,EMP0217,2026/06/01,22 ,21 ,1 ,7 
AT01672,EMP0217,2026/07/01,22 ,22 ,0 ,11 
AT01673,EMP0217,2026/08/01,22 ,20 ,2 ,10 
AT01674,EMP0218,2026/01/01,20 ,20 ,0 ,0 
AT01675,EMP0218,2026/02/01,20 ,18 ,2 ,0 
AT01676,EMP0218,2026/03/01,22 ,21 ,1 ,1 
AT01677,EMP0218,2026/04/01,20 ,18 ,2 ,0 
AT01678,EMP0218,2026/05/01,23 ,22 ,1 ,11 
AT01679,EMP0218,2026/06/01,21 ,21 ,0 ,12 
AT01680,EMP0218,2026/07/01,22 ,22 ,0 ,16 
AT01681,EMP0218,2026/08/01,21 ,21 ,0 ,2 
AT01682,EMP0219,2026/01/01,20 ,18 ,2 ,3 
AT01683,EMP0219,2026/02/01,23 ,22 ,1 ,12 
AT01684,EMP0219,2026/03/01,20 ,18 ,2 ,12 
AT01685,EMP0219,2026/04/01,20 ,18 ,2 ,19 
AT01686,EMP0219,2026/05/01,23 ,21 ,2 ,14 
AT01687,EMP0219,2026/06/01,22 ,21 ,1 ,1 
AT01688,EMP0219,2026/07/01,22 ,20 ,2 ,12 
AT01689,EMP0219,2026/08/01,22 ,22 ,0 ,11 
AT01690,EMP0220,2026/01/01,21 ,20 ,1 ,0 
AT01691,EMP0220,2026/02/01,23 ,21 ,2 ,0 
AT01692,EMP0220,2026/03/01,20 ,17 ,3 ,8 
AT01693,EMP0220,2026/04/01,23 ,23 ,0 ,4 
AT01694,EMP0220,2026/05/01,22 ,20 ,2 ,9 
AT01695,EMP0220,2026/06/01,20 ,20 ,0 ,13 
AT01696,EMP0220,2026/07/01,22 ,20 ,2 ,16 
AT01697,EMP0220,2026/08/01,21 ,21 ,0 ,4 
AT01698,EMP0221,2026/01/01,20 ,19 ,1 ,7 
AT01699,EMP0221,2026/02/01,20 ,18 ,2 ,13 
AT01700,EMP0221,2026/03/01,20 ,18 ,2 ,12 
AT01701,EMP0221,2026/04/01,20 ,19 ,1 ,8 
AT01702,EMP0221,2026/05/01,21 ,19 ,2 ,16 
AT01703,EMP0221,2026/06/01,22 ,20 ,2 ,18 
AT01704,EMP0221,2026/07/01,22 ,20 ,2 ,8 
AT01705,EMP0221,2026/08/01,23 ,22 ,1 ,19 
AT01706,EMP0222,2026/01/01,22 ,21 ,1 ,5 
AT01707,EMP0222,2026/02/01,23 ,22 ,1 ,1 
AT01708,EMP0222,2026/03/01,20 ,18 ,2 ,8 
AT01709,EMP0222,2026/04/01,20 ,20 ,0 ,11 
AT01710,EMP0222,2026/05/01,21 ,21 ,0 ,5 
AT01711,EMP0222,2026/06/01,21 ,20 ,1 ,4 
AT01712,EMP0222,2026/07/01,23 ,23 ,0 ,11 
AT01713,EMP0222,2026/08/01,21 ,19 ,2 ,17 
AT01714,EMP0223,2026/01/01,20 ,17 ,3 ,8 
AT01715,EMP0223,2026/02/01,20 ,19 ,1 ,20 
AT01716,EMP0223,2026/03/01,21 ,21 ,0 ,3 
AT01717,EMP0223,2026/04/01,20 ,20 ,0 ,10 
AT01718,EMP0223,2026/05/01,22 ,21 ,1 ,15 
AT01719,EMP0223,2026/06/01,21 ,18 ,3 ,10 
AT01720,EMP0223,2026/07/01,21 ,18 ,3 ,5 
AT01721,EMP0223,2026/08/01,23 ,23 ,0 ,17 
AT01722,EMP0224,2026/01/01,21 ,20 ,1 ,11 
AT01723,EMP0224,2026/02/01,22 ,22 ,0 ,8 
AT01724,EMP0224,2026/03/01,23 ,21 ,2 ,15 
AT01725,EMP0224,2026/04/01,20 ,18 ,2 ,7 
AT01726,EMP0224,2026/05/01,21 ,21 ,0 ,0 
AT01727,EMP0224,2026/06/01,22 ,21 ,1 ,15 
AT01728,EMP0224,2026/07/01,22 ,19 ,3 ,22 
AT01729,EMP0224,2026/08/01,23 ,22 ,1 ,7 
AT01730,EMP0225,2026/01/01,23 ,21 ,2 ,18 
AT01731,EMP0225,2026/02/01,21 ,21 ,0 ,18 
AT01732,EMP0225,2026/03/01,21 ,18 ,3 ,0 
AT01733,EMP0225,2026/04/01,23 ,21 ,2 ,27 
AT01734,EMP0225,2026/05/01,22 ,21 ,1 ,22 
AT01735,EMP0225,2026/06/01,21 ,19 ,2 ,7 
AT01736,EMP0225,2026/07/01,21 ,19 ,2 ,7 
AT01737,EMP0225,2026/08/01,20 ,20 ,0 ,6 
AT01738,EMP0226,2026/01/01,21 ,21 ,0 ,0 
AT01739,EMP0226,2026/02/01,20 ,19 ,1 ,0 
AT01740,EMP0226,2026/03/01,22 ,22 ,0 ,12 
AT01741,EMP0226,2026/04/01,20 ,20 ,0 ,9 
AT01742,EMP0226,2026/05/01,20 ,20 ,0 ,0 
AT01743,EMP0226,2026/06/01,20 ,20 ,0 ,20 
AT01744,EMP0226,2026/07/01,21 ,19 ,2 ,2 
AT01745,EMP0226,2026/08/01,22 ,21 ,1 ,21 
AT01746,EMP0227,2026/01/01,23 ,21 ,2 ,9 
AT01747,EMP0227,2026/02/01,22 ,21 ,1 ,12 
AT01748,EMP0227,2026/03/01,22 ,19 ,3 ,17 
AT01749,EMP0227,2026/04/01,23 ,22 ,1 ,18 
AT01750,EMP0227,2026/05/01,23 ,21 ,2 ,18 
AT01751,EMP0227,2026/06/01,20 ,18 ,2 ,15 
AT01752,EMP0227,2026/07/01,21 ,21 ,0 ,24 
AT01753,EMP0227,2026/08/01,21 ,19 ,2 ,6 
AT01754,EMP0228,2026/01/01,23 ,22 ,1 ,23 
AT01755,EMP0228,2026/02/01,23 ,21 ,2 ,1 
AT01756,EMP0228,2026/03/01,22 ,21 ,1 ,6 
AT01757,EMP0228,2026/04/01,21 ,19 ,2 ,8 
AT01758,EMP0228,2026/05/01,22 ,22 ,0 ,17 
AT01759,EMP0228,2026/06/01,20 ,19 ,1 ,0 
AT01760,EMP0228,2026/07/01,20 ,20 ,0 ,16 
AT01761,EMP0228,2026/08/01,22 ,20 ,2 ,10 
AT01762,EMP0229,2026/01/01,20 ,19 ,1 ,18 
AT01763,EMP0229,2026/02/01,23 ,21 ,2 ,5 
AT01764,EMP0229,2026/03/01,21 ,19 ,2 ,9 
AT01765,EMP0229,2026/04/01,22 ,20 ,2 ,16 
AT01766,EMP0229,2026/05/01,22 ,20 ,2 ,16 
AT01767,EMP0229,2026/06/01,22 ,22 ,0 ,2 
AT01768,EMP0229,2026/07/01,23 ,22 ,1 ,8 
AT01769,EMP0229,2026/08/01,22 ,22 ,0 ,20 
AT01770,EMP0230,2026/01/01,21 ,20 ,1 ,11 
AT01771,EMP0230,2026/02/01,20 ,19 ,1 ,6 
AT01772,EMP0230,2026/03/01,21 ,21 ,0 ,13 
AT01773,EMP0230,2026/04/01,20 ,18 ,2 ,4 
AT01774,EMP0230,2026/05/01,23 ,23 ,0 ,14 
AT01775,EMP0230,2026/06/01,22 ,22 ,0 ,7 
AT01776,EMP0230,2026/07/01,20 ,17 ,3 ,14 
AT01777,EMP0230,2026/08/01,21 ,18 ,3 ,8 
AT01778,EMP0231,2026/01/01,22 ,21 ,1 ,7 
AT01779,EMP0231,2026/02/01,21 ,20 ,1 ,6 
AT01780,EMP0231,2026/03/01,22 ,19 ,3 ,13 
AT01781,EMP0231,2026/04/01,20 ,18 ,2 ,20 
AT01782,EMP0231,2026/05/01,22 ,21 ,1 ,13 
AT01783,EMP0231,2026/06/01,21 ,17 ,4 ,19 
AT01784,EMP0231,2026/07/01,21 ,20 ,1 ,12 
AT01785,EMP0231,2026/08/01,23 ,22 ,1 ,4 
AT01786,EMP0232,2026/01/01,22 ,19 ,3 ,4 
AT01787,EMP0232,2026/02/01,22 ,22 ,0 ,19 
AT01788,EMP0232,2026/03/01,23 ,22 ,1 ,14 
AT01789,EMP0232,2026/04/01,23 ,19 ,4 ,9 
AT01790,EMP0232,2026/05/01,21 ,19 ,2 ,13 
AT01791,EMP0232,2026/06/01,23 ,22 ,1 ,3 
AT01792,EMP0232,2026/07/01,23 ,22 ,1 ,6 
AT01793,EMP0232,2026/08/01,23 ,21 ,2 ,6 
AT01794,EMP0233,2026/01/01,20 ,19 ,1 ,5 
AT01795,EMP0233,2026/02/01,22 ,22 ,0 ,4 
AT01796,EMP0234,2026/01/01,21 ,20 ,1 ,9 
AT01797,EMP0234,2026/02/01,22 ,22 ,0 ,21 
AT01798,EMP0234,2026/03/01,23 ,23 ,0 ,0 
AT01799,EMP0234,2026/04/01,23 ,21 ,2 ,0 
AT01800,EMP0234,2026/05/01,23 ,23 ,0 ,10 
AT01801,EMP0234,2026/06/01,22 ,22 ,0 ,7 
AT01802,EMP0234,2026/07/01,23 ,20 ,3 ,22 
AT01803,EMP0234,2026/08/01,20 ,20 ,0 ,14 
AT01804,EMP0235,2026/01/01,20 ,19 ,1 ,7 
AT01805,EMP0235,2026/02/01,23 ,22 ,1 ,2 
AT01806,EMP0235,2026/03/01,23 ,23 ,0 ,2 
AT01807,EMP0235,2026/04/01,23 ,21 ,2 ,4 
AT01808,EMP0235,2026/05/01,21 ,19 ,2 ,25 
AT01809,EMP0235,2026/06/01,22 ,21 ,1 ,0 
AT01810,EMP0235,2026/07/01,23 ,22 ,1 ,11 
AT01811,EMP0235,2026/08/01,22 ,20 ,2 ,12 
AT01812,EMP0236,2026/01/01,23 ,22 ,1 ,8 
AT01813,EMP0236,2026/02/01,23 ,20 ,3 ,10 
AT01814,EMP0236,2026/03/01,20 ,20 ,0 ,15 
AT01815,EMP0236,2026/04/01,22 ,22 ,0 ,15 
AT01816,EMP0236,2026/05/01,20 ,18 ,2 ,5 
AT01817,EMP0236,2026/06/01,22 ,21 ,1 ,7 
AT01818,EMP0236,2026/07/01,21 ,20 ,1 ,13 
AT01819,EMP0236,2026/08/01,23 ,20 ,3 ,12 
AT01820,EMP0237,2026/01/01,23 ,23 ,0 ,11 
AT01821,EMP0237,2026/02/01,21 ,21 ,0 ,5 
AT01822,EMP0237,2026/03/01,21 ,18 ,3 ,7 
AT01823,EMP0237,2026/04/01,22 ,21 ,1 ,10 
AT01824,EMP0237,2026/05/01,22 ,21 ,1 ,11 
AT01825,EMP0237,2026/06/01,23 ,21 ,2 ,6 
AT01826,EMP0237,2026/07/01,20 ,18 ,2 ,8 
AT01827,EMP0237,2026/08/01,22 ,21 ,1 ,6 
AT01828,EMP0238,2026/01/01,20 ,19 ,1 ,11 
AT01829,EMP0238,2026/02/01,23 ,22 ,1 ,15 
AT01830,EMP0238,2026/03/01,23 ,20 ,3 ,16 
AT01831,EMP0238,2026/04/01,22 ,18 ,4 ,0 
AT01832,EMP0238,2026/05/01,22 ,21 ,1 ,16 
AT01833,EMP0238,2026/06/01,22 ,21 ,1 ,5 
AT01834,EMP0238,2026/07/01,20 ,19 ,1 ,7 
AT01835,EMP0238,2026/08/01,21 ,21 ,0 ,16 
AT01836,EMP0239,2026/01/01,23 ,23 ,0 ,7 
AT01837,EMP0239,2026/02/01,21 ,20 ,1 ,8 
AT01838,EMP0239,2026/03/01,22 ,22 ,0 ,10 
AT01839,EMP0239,2026/04/01,21 ,18 ,3 ,10 
AT01840,EMP0239,2026/05/01,22 ,18 ,4 ,27 
AT01841,EMP0239,2026/06/01,22 ,22 ,0 ,5 
AT01842,EMP0239,2026/07/01,20 ,18 ,2 ,15 
AT01843,EMP0239,2026/08/01,21 ,20 ,1 ,18 
AT01844,EMP0240,2026/01/01,21 ,21 ,0 ,7 
AT01845,EMP0240,2026/02/01,20 ,18 ,2 ,14 
AT01846,EMP0240,2026/03/01,20 ,19 ,1 ,0 
AT01847,EMP0240,2026/04/01,21 ,20 ,1 ,6 
AT01848,EMP0240,2026/05/01,20 ,20 ,0 ,2 
AT01849,EMP0240,2026/06/01,20 ,19 ,1 ,1 
AT01850,EMP0240,2026/07/01,20 ,19 ,1 ,20 
AT01851,EMP0240,2026/08/01,21 ,18 ,3 ,10 
AT01852,EMP0241,2026/01/01,23 ,21 ,2 ,13 
AT01853,EMP0241,2026/02/01,22 ,21 ,1 ,11 
AT01854,EMP0241,2026/03/01,23 ,21 ,2 ,0 
AT01855,EMP0241,2026/04/01,20 ,18 ,2 ,14 
AT01856,EMP0241,2026/05/01,23 ,22 ,1 ,0 
AT01857,EMP0241,2026/06/01,22 ,22 ,0 ,8 
AT01858,EMP0241,2026/07/01,20 ,19 ,1 ,0 
AT01859,EMP0241,2026/08/01,21 ,19 ,2 ,13 
AT01860,EMP0242,2026/01/01,23 ,22 ,1 ,9 
AT01861,EMP0242,2026/02/01,20 ,15 ,5 ,17 
AT01862,EMP0242,2026/03/01,21 ,21 ,0 ,5 
AT01863,EMP0242,2026/04/01,21 ,21 ,0 ,12 
AT01864,EMP0242,2026/05/01,23 ,23 ,0 ,18 
AT01865,EMP0242,2026/06/01,21 ,20 ,1 ,6 
AT01866,EMP0242,2026/07/01,20 ,20 ,0 ,8 
AT01867,EMP0242,2026/08/01,20 ,19 ,1 ,0 
AT01868,EMP0243,2026/01/01,22 ,21 ,1 ,19 
AT01869,EMP0243,2026/02/01,20 ,20 ,0 ,1 
AT01870,EMP0243,2026/03/01,20 ,19 ,1 ,16 
AT01871,EMP0243,2026/04/01,20 ,18 ,2 ,7 
AT01872,EMP0243,2026/05/01,21 ,21 ,0 ,8 
AT01873,EMP0243,2026/06/01,22 ,21 ,1 ,0 
AT01874,EMP0243,2026/07/01,22 ,20 ,2 ,26 
AT01875,EMP0243,2026/08/01,22 ,22 ,0 ,12 
AT01876,EMP0244,2026/01/01,20 ,20 ,0 ,2 
AT01877,EMP0244,2026/02/01,21 ,21 ,0 ,14 
AT01878,EMP0244,2026/03/01,22 ,19 ,3 ,13 
AT01879,EMP0244,2026/04/01,23 ,23 ,0 ,7 
AT01880,EMP0244,2026/05/01,20 ,18 ,2 ,11 
AT01881,EMP0244,2026/06/01,20 ,20 ,0 ,18 
AT01882,EMP0244,2026/07/01,23 ,20 ,3 ,5 
AT01883,EMP0244,2026/08/01,23 ,22 ,1 ,8 
AT01884,EMP0245,2026/01/01,23 ,21 ,2 ,8 
AT01885,EMP0245,2026/02/01,21 ,20 ,1 ,13 
AT01886,EMP0245,2026/03/01,20 ,19 ,1 ,9 
AT01887,EMP0245,2026/04/01,22 ,22 ,0 ,19 
AT01888,EMP0245,2026/05/01,22 ,22 ,0 ,9 
AT01889,EMP0245,2026/06/01,23 ,23 ,0 ,15 
AT01890,EMP0245,2026/07/01,20 ,20 ,0 ,16 
AT01891,EMP0245,2026/08/01,22 ,17 ,5 ,8 
AT01892,EMP0246,2026/01/01,22 ,22 ,0 ,16 
AT01893,EMP0246,2026/02/01,22 ,22 ,0 ,9 
AT01894,EMP0246,2026/03/01,20 ,17 ,3 ,0 
AT01895,EMP0246,2026/04/01,22 ,20 ,2 ,12 
AT01896,EMP0246,2026/05/01,22 ,21 ,1 ,5 
AT01897,EMP0246,2026/06/01,20 ,18 ,2 ,0 
AT01898,EMP0246,2026/07/01,22 ,22 ,0 ,10 
AT01899,EMP0246,2026/08/01,23 ,20 ,3 ,19 
AT01900,EMP0247,2026/01/01,22 ,21 ,1 ,9 
AT01901,EMP0247,2026/02/01,21 ,20 ,1 ,9 
AT01902,EMP0247,2026/03/01,22 ,19 ,3 ,4 
AT01903,EMP0247,2026/04/01,22 ,21 ,1 ,7 
AT01904,EMP0247,2026/05/01,20 ,18 ,2 ,14 
AT01905,EMP0247,2026/06/01,20 ,20 ,0 ,6 
AT01906,EMP0247,2026/07/01,23 ,22 ,1 ,6 
AT01907,EMP0247,2026/08/01,20 ,17 ,3 ,23 
AT01908,EMP0248,2026/01/01,21 ,19 ,2 ,6 
AT01909,EMP0248,2026/02/01,22 ,21 ,1 ,14 
AT01910,EMP0248,2026/03/01,21 ,18 ,3 ,15 
AT01911,EMP0248,2026/04/01,22 ,21 ,1 ,9 
AT01912,EMP0248,2026/05/01,20 ,15 ,5 ,0 
AT01913,EMP0248,2026/06/01,20 ,18 ,2 ,5 
AT01914,EMP0248,2026/07/01,23 ,22 ,1 ,12 
AT01915,EMP0248,2026/08/01,20 ,20 ,0 ,10 
AT01916,EMP0249,2026/01/01,23 ,21 ,2 ,8 
AT01917,EMP0249,2026/02/01,20 ,19 ,1 ,4 
AT01918,EMP0249,2026/03/01,21 ,19 ,2 ,2 
AT01919,EMP0249,2026/04/01,23 ,22 ,1 ,7 
AT01920,EMP0249,2026/05/01,22 ,19 ,3 ,7 
AT01921,EMP0249,2026/06/01,23 ,23 ,0 ,3 
AT01922,EMP0249,2026/07/01,22 ,21 ,1 ,7 
AT01923,EMP0249,2026/08/01,22 ,22 ,0 ,12 
AT01924,EMP0250,2026/01/01,23 ,22 ,1 ,9 
AT01925,EMP0250,2026/02/01,22 ,18 ,4 ,11 
AT01926,EMP0250,2026/03/01,22 ,18 ,4 ,9 
AT01927,EMP0250,2026/04/01,20 ,16 ,4 ,10 
AT01928,EMP0250,2026/05/01,22 ,22 ,0 ,14 
AT01929,EMP0250,2026/06/01,21 ,17 ,4 ,10 
AT01930,EMP0250,2026/07/01,22 ,22 ,0 ,26 
AT01931,EMP0250,2026/08/01,23 ,23 ,0 ,9 
AT01932,EMP0251,2026/01/01,20 ,19 ,1 ,6 
AT01933,EMP0251,2026/02/01,22 ,22 ,0 ,10 
AT01934,EMP0251,2026/03/01,23 ,21 ,2 ,6 
AT01935,EMP0251,2026/04/01,20 ,19 ,1 ,20 
AT01936,EMP0251,2026/05/01,20 ,20 ,0 ,19 
AT01937,EMP0251,2026/06/01,20 ,19 ,1 ,10 
AT01938,EMP0251,2026/07/01,20 ,18 ,2 ,14 
AT01939,EMP0251,2026/08/01,23 ,22 ,1 ,3 
AT01940,EMP0252,2026/01/01,23 ,22 ,1 ,10 
AT01941,EMP0252,2026/02/01,22 ,19 ,3 ,23 
AT01942,EMP0252,2026/03/01,20 ,18 ,2 ,4 
AT01943,EMP0252,2026/04/01,23 ,21 ,2 ,9 
AT01944,EMP0252,2026/05/01,22 ,22 ,0 ,16 
AT01945,EMP0252,2026/06/01,22 ,21 ,1 ,13 
AT01946,EMP0252,2026/07/01,22 ,21 ,1 ,9 
AT01947,EMP0252,2026/08/01,20 ,20 ,0 ,15 
AT01948,EMP0253,2026/01/01,21 ,20 ,1 ,15 
AT01949,EMP0253,2026/02/01,21 ,21 ,0 ,14 
AT01950,EMP0253,2026/03/01,22 ,22 ,0 ,8 
AT01951,EMP0253,2026/04/01,21 ,19 ,2 ,7 
AT01952,EMP0253,2026/05/01,21 ,21 ,0 ,17 
AT01953,EMP0253,2026/06/01,21 ,20 ,1 ,8 
AT01954,EMP0253,2026/07/01,23 ,19 ,4 ,10 
AT01955,EMP0253,2026/08/01,20 ,18 ,2 ,4 
AT01956,EMP0254,2026/01/01,21 ,17 ,4 ,20 
AT01957,EMP0254,2026/02/01,20 ,20 ,0 ,6 
AT01958,EMP0254,2026/03/01,23 ,21 ,2 ,10 
AT01959,EMP0254,2026/04/01,20 ,17 ,3 ,6 
AT01960,EMP0254,2026/05/01,21 ,21 ,0 ,0 
AT01961,EMP0254,2026/06/01,22 ,20 ,2 ,8 
AT01962,EMP0254,2026/07/01,20 ,19 ,1 ,12 
AT01963,EMP0254,2026/08/01,22 ,20 ,2 ,12 
AT01964,EMP0255,2026/01/01,23 ,20 ,3 ,10 
AT01965,EMP0255,2026/02/01,20 ,20 ,0 ,7 
AT01966,EMP0255,2026/03/01,20 ,19 ,1 ,15 
AT01967,EMP0255,2026/04/01,21 ,20 ,1 ,12 
AT01968,EMP0255,2026/05/01,21 ,20 ,1 ,0 
AT01969,EMP0255,2026/06/01,22 ,21 ,1 ,14 
AT01970,EMP0255,2026/07/01,21 ,20 ,1 ,13 
AT01971,EMP0255,2026/08/01,21 ,19 ,2 ,8 
AT01972,EMP0256,2026/01/01,22 ,21 ,1 ,10 
AT01973,EMP0256,2026/02/01,23 ,23 ,0 ,6 
AT01974,EMP0256,2026/03/01,21 ,18 ,3 ,19 
AT01975,EMP0256,2026/04/01,23 ,21 ,2 ,7 
AT01976,EMP0256,2026/05/01,20 ,20 ,0 ,6 
AT01977,EMP0256,2026/06/01,21 ,20 ,1 ,5 
AT01978,EMP0256,2026/07/01,23 ,21 ,2 ,18 
AT01979,EMP0256,2026/08/01,20 ,16 ,4 ,7 
AT01980,EMP0257,2026/01/01,22 ,21 ,1 ,8 
AT01981,EMP0257,2026/02/01,23 ,21 ,2 ,4 
AT01982,EMP0257,2026/03/01,21 ,19 ,2 ,20 
AT01983,EMP0257,2026/04/01,23 ,22 ,1 ,19 
AT01984,EMP0257,2026/05/01,21 ,20 ,1 ,6 
AT01985,EMP0257,2026/06/01,20 ,18 ,2 ,0 
AT01986,EMP0257,2026/07/01,20 ,20 ,0 ,11 
AT01987,EMP0257,2026/08/01,20 ,20 ,0 ,12 
AT01988,EMP0258,2026/01/01,22 ,21 ,1 ,12 
AT01989,EMP0258,2026/02/01,23 ,23 ,0 ,5 
AT01990,EMP0258,2026/03/01,22 ,22 ,0 ,0 
AT01991,EMP0258,2026/04/01,20 ,17 ,3 ,5 
AT01992,EMP0258,2026/05/01,20 ,18 ,2 ,17 
AT01993,EMP0258,2026/06/01,20 ,20 ,0 ,0 
AT01994,EMP0258,2026/07/01,22 ,20 ,2 ,14 
AT01995,EMP0258,2026/08/01,22 ,21 ,1 ,5 
AT01996,EMP0259,2026/01/01,20 ,19 ,1 ,17 
AT01997,EMP0259,2026/02/01,23 ,23 ,0 ,24 
AT01998,EMP0259,2026/03/01,22 ,22 ,0 ,15 
AT01999,EMP0259,2026/04/01,21 ,20 ,1 ,6 
AT02000,EMP0259,2026/05/01,23 ,23 ,0 ,13 
AT02001,EMP0259,2026/06/01,22 ,20 ,2 ,7 
AT02002,EMP0259,2026/07/01,20 ,19 ,1 ,10 
AT02003,EMP0259,2026/08/01,21 ,21 ,0 ,18 
AT02004,EMP0260,2026/01/01,22 ,20 ,2 ,4 
AT02005,EMP0260,2026/02/01,21 ,19 ,2 ,4 
AT02006,EMP0260,2026/03/01,22 ,22 ,0 ,7 
AT02007,EMP0260,2026/04/01,21 ,19 ,2 ,26 
AT02008,EMP0260,2026/05/01,20 ,19 ,1 ,19 
AT02009,EMP0260,2026/06/01,23 ,22 ,1 ,9 
AT02010,EMP0260,2026/07/01,20 ,18 ,2 ,5 
AT02011,EMP0260,2026/08/01,23 ,23 ,0 ,6 
AT02012,EMP0261,2026/01/01,22 ,20 ,2 ,2 
AT02013,EMP0261,2026/02/01,20 ,17 ,3 ,13 
AT02014,EMP0261,2026/03/01,22 ,21 ,1 ,3 
AT02015,EMP0261,2026/04/01,23 ,20 ,3 ,18 
AT02016,EMP0261,2026/05/01,21 ,21 ,0 ,12 
AT02017,EMP0261,2026/06/01,22 ,21 ,1 ,3 
AT02018,EMP0261,2026/07/01,23 ,22 ,1 ,10 
AT02019,EMP0261,2026/08/01,23 ,21 ,2 ,10 
AT02020,EMP0262,2026/01/01,23 ,21 ,2 ,20 
AT02021,EMP0262,2026/02/01,20 ,19 ,1 ,15 
AT02022,EMP0262,2026/03/01,22 ,20 ,2 ,8 
AT02023,EMP0262,2026/04/01,21 ,21 ,0 ,20 
AT02024,EMP0262,2026/05/01,21 ,16 ,5 ,0 
AT02025,EMP0262,2026/06/01,20 ,19 ,1 ,15 
AT02026,EMP0262,2026/07/01,21 ,19 ,2 ,15 
AT02027,EMP0262,2026/08/01,20 ,19 ,1 ,2 
AT02028,EMP0263,2026/01/01,23 ,23 ,0 ,14 
AT02029,EMP0263,2026/02/01,20 ,20 ,0 ,20 
AT02030,EMP0263,2026/03/01,20 ,20 ,0 ,5 
AT02031,EMP0263,2026/04/01,22 ,21 ,1 ,10 
AT02032,EMP0263,2026/05/01,21 ,20 ,1 ,4 
AT02033,EMP0263,2026/06/01,21 ,20 ,1 ,12 
AT02034,EMP0263,2026/07/01,21 ,18 ,3 ,0 
AT02035,EMP0263,2026/08/01,21 ,21 ,0 ,0 
AT02036,EMP0264,2026/01/01,23 ,20 ,3 ,11 
AT02037,EMP0264,2026/02/01,21 ,19 ,2 ,8 
AT02038,EMP0264,2026/03/01,21 ,20 ,1 ,19 
AT02039,EMP0264,2026/04/01,23 ,21 ,2 ,5 
AT02040,EMP0264,2026/05/01,23 ,20 ,3 ,13 
AT02041,EMP0264,2026/06/01,20 ,18 ,2 ,10 
AT02042,EMP0264,2026/07/01,22 ,22 ,0 ,10 
AT02043,EMP0264,2026/08/01,20 ,18 ,2 ,17 
AT02044,EMP0265,2026/01/01,20 ,20 ,0 ,9 
AT02045,EMP0265,2026/02/01,22 ,20 ,2 ,2 
AT02046,EMP0265,2026/03/01,20 ,19 ,1 ,11 
AT02047,EMP0265,2026/04/01,23 ,21 ,2 ,0 
AT02048,EMP0265,2026/05/01,20 ,20 ,0 ,7 
AT02049,EMP0265,2026/06/01,23 ,20 ,3 ,11 
AT02050,EMP0265,2026/07/01,23 ,22 ,1 ,13 
AT02051,EMP0265,2026/08/01,20 ,19 ,1 ,16 
AT02052,EMP0267,2026/01/01,23 ,22 ,1 ,8 
AT02053,EMP0267,2026/02/01,23 ,20 ,3 ,10 
AT02054,EMP0267,2026/03/01,21 ,19 ,2 ,4 
AT02055,EMP0267,2026/04/01,23 ,23 ,0 ,16 
AT02056,EMP0267,2026/05/01,23 ,22 ,1 ,14 
AT02057,EMP0267,2026/06/01,20 ,20 ,0 ,12 
AT02058,EMP0267,2026/07/01,22 ,20 ,2 ,0 
AT02059,EMP0267,2026/08/01,20 ,18 ,2 ,22 
AT02060,EMP0268,2026/01/01,22 ,21 ,1 ,10 
AT02061,EMP0268,2026/02/01,22 ,21 ,1 ,9 
AT02062,EMP0268,2026/03/01,21 ,21 ,0 ,15 
AT02063,EMP0268,2026/04/01,22 ,22 ,0 ,30 
AT02064,EMP0268,2026/05/01,21 ,16 ,5 ,10 
AT02065,EMP0268,2026/06/01,23 ,22 ,1 ,7 
AT02066,EMP0268,2026/07/01,21 ,18 ,3 ,4 
AT02067,EMP0268,2026/08/01,22 ,21 ,1 ,12 
AT02068,EMP0269,2026/01/01,22 ,20 ,2 ,6 
AT02069,EMP0269,2026/02/01,22 ,20 ,2 ,21 
AT02070,EMP0269,2026/03/01,22 ,20 ,2 ,10 
AT02071,EMP0269,2026/04/01,21 ,20 ,1 ,22 
AT02072,EMP0269,2026/05/01,20 ,17 ,3 ,0 
AT02073,EMP0269,2026/06/01,23 ,21 ,2 ,17 
AT02074,EMP0269,2026/07/01,22 ,21 ,1 ,16 
AT02075,EMP0269,2026/08/01,21 ,19 ,2 ,14 
AT02076,EMP0270,2026/01/01,22 ,20 ,2 ,14 
AT02077,EMP0270,2026/02/01,23 ,23 ,0 ,20 
AT02078,EMP0270,2026/03/01,22 ,21 ,1 ,6 
AT02079,EMP0270,2026/04/01,21 ,20 ,1 ,21 
AT02080,EMP0270,2026/05/01,20 ,17 ,3 ,9 
AT02081,EMP0270,2026/06/01,22 ,20 ,2 ,9 
AT02082,EMP0270,2026/07/01,23 ,23 ,0 ,12 
AT02083,EMP0270,2026/08/01,23 ,21 ,2 ,2 
AT02084,EMP0271,2026/01/01,20 ,20 ,0 ,16 
AT02085,EMP0271,2026/02/01,21 ,20 ,1 ,7 
AT02086,EMP0271,2026/03/01,21 ,20 ,1 ,14 
AT02087,EMP0271,2026/04/01,20 ,18 ,2 ,11 
AT02088,EMP0271,2026/05/01,22 ,22 ,0 ,15 
AT02089,EMP0271,2026/06/01,20 ,18 ,2 ,7 
AT02090,EMP0271,2026/07/01,20 ,20 ,0 ,10 
AT02091,EMP0271,2026/08/01,22 ,20 ,2 ,0 
AT02092,EMP0272,2026/01/01,22 ,20 ,2 ,4 
AT02093,EMP0272,2026/02/01,22 ,19 ,3 ,1 
AT02094,EMP0272,2026/03/01,20 ,20 ,0 ,15 
AT02095,EMP0272,2026/04/01,21 ,21 ,0 ,8 
AT02096,EMP0272,2026/05/01,21 ,18 ,3 ,7 
AT02097,EMP0272,2026/06/01,20 ,18 ,2 ,7 
AT02098,EMP0272,2026/07/01,22 ,22 ,0 ,10 
AT02099,EMP0272,2026/08/01,22 ,22 ,0 ,5 
AT02100,EMP0273,2026/01/01,20 ,17 ,3 ,8 
AT02101,EMP0273,2026/02/01,21 ,21 ,0 ,11 
AT02102,EMP0273,2026/03/01,23 ,22 ,1 ,2 
AT02103,EMP0273,2026/04/01,21 ,20 ,1 ,8 
AT02104,EMP0273,2026/05/01,23 ,20 ,3 ,28 
AT02105,EMP0273,2026/06/01,22 ,22 ,0 ,11 
AT02106,EMP0273,2026/07/01,20 ,20 ,0 ,0 
AT02107,EMP0273,2026/08/01,20 ,20 ,0 ,22 
AT02108,EMP0274,2026/01/01,21 ,20 ,1 ,0 
AT02109,EMP0274,2026/02/01,20 ,19 ,1 ,14 
AT02110,EMP0274,2026/03/01,20 ,19 ,1 ,6 
AT02111,EMP0274,2026/04/01,20 ,18 ,2 ,27 
AT02112,EMP0274,2026/05/01,23 ,23 ,0 ,12 
AT02113,EMP0274,2026/06/01,23 ,21 ,2 ,1 
AT02114,EMP0274,2026/07/01,23 ,20 ,3 ,4 
AT02115,EMP0274,2026/08/01,21 ,21 ,0 ,3 
AT02116,EMP0275,2026/01/01,22 ,21 ,1 ,3 
AT02117,EMP0275,2026/02/01,22 ,20 ,2 ,12 
AT02118,EMP0275,2026/03/01,22 ,21 ,1 ,5 
AT02119,EMP0275,2026/04/01,22 ,20 ,2 ,0 
AT02120,EMP0275,2026/05/01,21 ,20 ,1 ,14 
AT02121,EMP0275,2026/06/01,21 ,20 ,1 ,4 
AT02122,EMP0275,2026/07/01,20 ,18 ,2 ,6 
AT02123,EMP0275,2026/08/01,22 ,22 ,0 ,12 
AT02124,EMP0276,2026/01/01,22 ,20 ,2 ,6 
AT02125,EMP0276,2026/02/01,22 ,21 ,1 ,13 
AT02126,EMP0276,2026/03/01,23 ,22 ,1 ,5 
AT02127,EMP0276,2026/04/01,23 ,22 ,1 ,11 
AT02128,EMP0276,2026/05/01,22 ,22 ,0 ,0 
AT02129,EMP0276,2026/06/01,23 ,22 ,1 ,5 
AT02130,EMP0276,2026/07/01,21 ,20 ,1 ,0 
AT02131,EMP0276,2026/08/01,22 ,20 ,2 ,0 
AT02132,EMP0277,2026/01/01,22 ,22 ,0 ,8 
AT02133,EMP0277,2026/02/01,20 ,18 ,2 ,17 
AT02134,EMP0277,2026/03/01,20 ,19 ,1 ,10 
AT02135,EMP0277,2026/04/01,23 ,22 ,1 ,6 
AT02136,EMP0277,2026/05/01,20 ,19 ,1 ,0 
AT02137,EMP0277,2026/06/01,20 ,19 ,1 ,17 
AT02138,EMP0277,2026/07/01,22 ,21 ,1 ,6 
AT02139,EMP0277,2026/08/01,22 ,20 ,2 ,0 
AT02140,EMP0279,2026/01/01,20 ,16 ,4 ,4 
AT02141,EMP0279,2026/02/01,20 ,19 ,1 ,13 
AT02142,EMP0279,2026/03/01,21 ,19 ,2 ,6 
AT02143,EMP0279,2026/04/01,22 ,21 ,1 ,14 
AT02144,EMP0279,2026/05/01,21 ,20 ,1 ,18 
AT02145,EMP0279,2026/06/01,21 ,17 ,4 ,25 
AT02146,EMP0279,2026/07/01,23 ,23 ,0 ,6 
AT02147,EMP0279,2026/08/01,21 ,20 ,1 ,0 
AT02148,EMP0280,2026/01/01,21 ,21 ,0 ,18 
AT02149,EMP0280,2026/02/01,23 ,22 ,1 ,0 
AT02150,EMP0280,2026/03/01,21 ,20 ,1 ,19 
AT02151,EMP0280,2026/04/01,20 ,18 ,2 ,16 
AT02152,EMP0280,2026/05/01,21 ,19 ,2 ,17 
AT02153,EMP0280,2026/06/01,20 ,17 ,3 ,11 
AT02154,EMP0280,2026/07/01,21 ,18 ,3 ,11 
AT02155,EMP0280,2026/08/01,23 ,23 ,0 ,20 
AT02156,EMP0281,2026/01/01,20 ,19 ,1 ,1 
AT02157,EMP0281,2026/02/01,21 ,20 ,1 ,12 
AT02158,EMP0281,2026/03/01,22 ,22 ,0 ,7 
AT02159,EMP0281,2026/04/01,21 ,18 ,3 ,12 
AT02160,EMP0281,2026/05/01,22 ,21 ,1 ,0 
AT02161,EMP0281,2026/06/01,21 ,20 ,1 ,10 
AT02162,EMP0281,2026/07/01,20 ,19 ,1 ,14 
AT02163,EMP0281,2026/08/01,20 ,20 ,0 ,8 
AT02164,EMP0282,2026/01/01,23 ,22 ,1 ,0 
AT02165,EMP0282,2026/02/01,22 ,21 ,1 ,15 
AT02166,EMP0282,2026/03/01,22 ,22 ,0 ,13 
AT02167,EMP0282,2026/04/01,21 ,21 ,0 ,25 
AT02168,EMP0282,2026/05/01,23 ,20 ,3 ,8 
AT02169,EMP0282,2026/06/01,22 ,21 ,1 ,8 
AT02170,EMP0282,2026/07/01,21 ,20 ,1 ,17 
AT02171,EMP0282,2026/08/01,22 ,20 ,2 ,10 
AT02172,EMP0283,2026/01/01,21 ,19 ,2 ,7 
AT02173,EMP0283,2026/02/01,22 ,20 ,2 ,1 
AT02174,EMP0283,2026/03/01,23 ,23 ,0 ,14 
AT02175,EMP0283,2026/04/01,23 ,22 ,1 ,6 
AT02176,EMP0283,2026/05/01,21 ,20 ,1 ,15 
AT02177,EMP0283,2026/06/01,22 ,20 ,2 ,16 
AT02178,EMP0283,2026/07/01,20 ,18 ,2 ,20 
AT02179,EMP0283,2026/08/01,23 ,23 ,0 ,3 
AT02180,EMP0284,2026/01/01,23 ,22 ,1 ,16 
AT02181,EMP0284,2026/02/01,22 ,20 ,2 ,17 
AT02182,EMP0284,2026/03/01,22 ,22 ,0 ,15 
AT02183,EMP0284,2026/04/01,21 ,20 ,1 ,18 
AT02184,EMP0284,2026/05/01,21 ,20 ,1 ,2 
AT02185,EMP0284,2026/06/01,23 ,21 ,2 ,7 
AT02186,EMP0284,2026/07/01,20 ,20 ,0 ,14 
AT02187,EMP0284,2026/08/01,21 ,19 ,2 ,10 
AT02188,EMP0285,2026/01/01,23 ,22 ,1 ,1 
AT02189,EMP0285,2026/02/01,21 ,20 ,1 ,0 
AT02190,EMP0285,2026/03/01,23 ,20 ,3 ,3 
AT02191,EMP0285,2026/04/01,22 ,20 ,2 ,13 
AT02192,EMP0285,2026/05/01,23 ,21 ,2 ,23 
AT02193,EMP0285,2026/06/01,20 ,16 ,4 ,13 
AT02194,EMP0285,2026/07/01,22 ,21 ,1 ,19 
AT02195,EMP0285,2026/08/01,22 ,19 ,3 ,0 
AT02196,EMP0286,2026/01/01,20 ,20 ,0 ,13 
AT02197,EMP0286,2026/02/01,21 ,18 ,3 ,19 
AT02198,EMP0286,2026/03/01,20 ,19 ,1 ,2 
AT02199,EMP0286,2026/04/01,23 ,22 ,1 ,7 
AT02200,EMP0286,2026/05/01,22 ,21 ,1 ,18 
AT02201,EMP0286,2026/06/01,22 ,20 ,2 ,11 
AT02202,EMP0286,2026/07/01,20 ,19 ,1 ,13 
AT02203,EMP0286,2026/08/01,22 ,21 ,1 ,16 
AT02204,EMP0287,2026/01/01,20 ,19 ,1 ,4 
AT02205,EMP0287,2026/02/01,20 ,20 ,0 ,8 
AT02206,EMP0287,2026/03/01,23 ,21 ,2 ,6 
AT02207,EMP0287,2026/04/01,23 ,21 ,2 ,12 
AT02208,EMP0287,2026/05/01,22 ,22 ,0 ,7 
AT02209,EMP0287,2026/06/01,23 ,22 ,1 ,14 
AT02210,EMP0287,2026/07/01,20 ,20 ,0 ,11 
AT02211,EMP0287,2026/08/01,23 ,22 ,1 ,13 
AT02212,EMP0288,2026/01/01,21 ,20 ,1 ,24 
AT02213,EMP0288,2026/02/01,21 ,21 ,0 ,16 
AT02214,EMP0288,2026/03/01,20 ,17 ,3 ,15 
AT02215,EMP0288,2026/04/01,21 ,20 ,1 ,17 
AT02216,EMP0288,2026/05/01,20 ,19 ,1 ,6 
AT02217,EMP0288,2026/06/01,22 ,20 ,2 ,5 
AT02218,EMP0288,2026/07/01,21 ,20 ,1 ,14 
AT02219,EMP0288,2026/08/01,22 ,21 ,1 ,17 
AT02220,EMP0289,2026/01/01,22 ,20 ,2 ,9 
AT02221,EMP0289,2026/02/01,23 ,22 ,1 ,17 
AT02222,EMP0289,2026/03/01,22 ,22 ,0 ,14 
AT02223,EMP0289,2026/04/01,20 ,19 ,1 ,3 
AT02224,EMP0289,2026/05/01,23 ,22 ,1 ,10 
AT02225,EMP0289,2026/06/01,23 ,23 ,0 ,10 
AT02226,EMP0289,2026/07/01,22 ,21 ,1 ,8 
AT02227,EMP0289,2026/08/01,20 ,20 ,0 ,5 
AT02228,EMP0290,2026/01/01,20 ,18 ,2 ,7 
AT02229,EMP0290,2026/02/01,22 ,19 ,3 ,14 
AT02230,EMP0290,2026/03/01,22 ,19 ,3 ,5 
AT02231,EMP0290,2026/04/01,20 ,20 ,0 ,16 
AT02232,EMP0290,2026/05/01,20 ,19 ,1 ,7 
AT02233,EMP0290,2026/06/01,22 ,20 ,2 ,12 
AT02234,EMP0290,2026/07/01,20 ,17 ,3 ,13 
AT02235,EMP0290,2026/08/01,22 ,21 ,1 ,1 
AT02236,EMP0291,2026/01/01,20 ,19 ,1 ,0 
AT02237,EMP0291,2026/02/01,22 ,22 ,0 ,3 
AT02238,EMP0291,2026/03/01,21 ,19 ,2 ,11 
AT02239,EMP0291,2026/04/01,23 ,22 ,1 ,13 
AT02240,EMP0291,2026/05/01,22 ,22 ,0 ,13 
AT02241,EMP0291,2026/06/01,20 ,20 ,0 ,15 
AT02242,EMP0291,2026/07/01,22 ,22 ,0 ,4 
AT02243,EMP0291,2026/08/01,21 ,21 ,0 ,11 
AT02244,EMP0292,2026/01/01,20 ,19 ,1 ,9 
AT02245,EMP0292,2026/02/01,20 ,20 ,0 ,0 
AT02246,EMP0292,2026/03/01,23 ,21 ,2 ,8 
AT02247,EMP0292,2026/04/01,20 ,19 ,1 ,20 
AT02248,EMP0292,2026/05/01,21 ,19 ,2 ,16 
AT02249,EMP0292,2026/06/01,22 ,21 ,1 ,8 
AT02250,EMP0292,2026/07/01,23 ,23 ,0 ,14 
AT02251,EMP0292,2026/08/01,22 ,22 ,0 ,15 
AT02252,EMP0293,2026/01/01,23 ,22 ,1 ,15 
AT02253,EMP0293,2026/02/01,23 ,23 ,0 ,12 
AT02254,EMP0293,2026/03/01,21 ,20 ,1 ,23 
AT02255,EMP0293,2026/04/01,23 ,20 ,3 ,5 
AT02256,EMP0293,2026/05/01,20 ,17 ,3 ,7 
AT02257,EMP0293,2026/06/01,21 ,21 ,0 ,18 
AT02258,EMP0293,2026/07/01,20 ,20 ,0 ,25 
AT02259,EMP0293,2026/08/01,22 ,22 ,0 ,5 
AT02260,EMP0294,2026/01/01,21 ,19 ,2 ,19 
AT02261,EMP0294,2026/02/01,22 ,22 ,0 ,22 
AT02262,EMP0294,2026/03/01,22 ,22 ,0 ,8 
AT02263,EMP0294,2026/04/01,23 ,20 ,3 ,0 
AT02264,EMP0294,2026/05/01,21 ,21 ,0 ,10 
AT02265,EMP0294,2026/06/01,23 ,22 ,1 ,21 
AT02266,EMP0294,2026/07/01,23 ,20 ,3 ,4 
AT02267,EMP0294,2026/08/01,20 ,20 ,0 ,18 
AT02268,EMP0295,2026/01/01,20 ,18 ,2 ,8 
AT02269,EMP0295,2026/02/01,23 ,22 ,1 ,7 
AT02270,EMP0295,2026/03/01,23 ,20 ,3 ,5 
AT02271,EMP0295,2026/04/01,23 ,21 ,2 ,4 
AT02272,EMP0295,2026/05/01,20 ,18 ,2 ,8 
AT02273,EMP0295,2026/06/01,22 ,20 ,2 ,2 
AT02274,EMP0295,2026/07/01,20 ,18 ,2 ,15 
AT02275,EMP0295,2026/08/01,22 ,21 ,1 ,0 
AT02276,EMP0296,2026/01/01,22 ,21 ,1 ,8 
AT02277,EMP0296,2026/02/01,23 ,21 ,2 ,9 
AT02278,EMP0296,2026/03/01,21 ,20 ,1 ,2 
AT02279,EMP0296,2026/04/01,22 ,21 ,1 ,11 
AT02280,EMP0296,2026/05/01,20 ,19 ,1 ,7 
AT02281,EMP0297,2026/01/01,20 ,20 ,0 ,20 
AT02282,EMP0297,2026/02/01,20 ,18 ,2 ,15 
AT02283,EMP0297,2026/03/01,20 ,20 ,0 ,12 
AT02284,EMP0297,2026/04/01,21 ,21 ,0 ,12 
AT02285,EMP0297,2026/05/01,23 ,22 ,1 ,0 
AT02286,EMP0297,2026/06/01,20 ,20 ,0 ,12 
AT02287,EMP0297,2026/07/01,23 ,22 ,1 ,11 
AT02288,EMP0297,2026/08/01,22 ,21 ,1 ,7 
AT02289,EMP0298,2026/01/01,22 ,18 ,4 ,6 
AT02290,EMP0298,2026/02/01,22 ,22 ,0 ,9 
AT02291,EMP0298,2026/03/01,22 ,21 ,1 ,1 
AT02292,EMP0298,2026/04/01,21 ,20 ,1 ,8 
AT02293,EMP0298,2026/05/01,22 ,22 ,0 ,15 
AT02294,EMP0298,2026/06/01,23 ,20 ,3 ,6 
AT02295,EMP0298,2026/07/01,23 ,22 ,1 ,4 
AT02296,EMP0298,2026/08/01,23 ,22 ,1 ,10 
AT02297,EMP0300,2026/01/01,23 ,22 ,1 ,10 
AT02298,EMP0300,2026/02/01,22 ,21 ,1 ,8 
AT02299,EMP0300,2026/03/01,21 ,21 ,0 ,0 
AT02300,EMP0300,2026/04/01,22 ,21 ,1 ,10 
AT02301,EMP0300,2026/05/01,20 ,19 ,1 ,15 
AT02302,EMP0300,2026/06/01,22 ,20 ,2 ,10 
AT02303,EMP0300,2026/07/01,20 ,19 ,1 ,14 
AT02304,EMP0300,2026/08/01,23 ,22 ,1 ,12 
AT02305,EMP0301,2026/01/01,21 ,21 ,0 ,3 
AT02306,EMP0301,2026/02/01,21 ,21 ,0 ,4 
AT02307,EMP0301,2026/03/01,20 ,19 ,1 ,5 
AT02308,EMP0301,2026/04/01,23 ,22 ,1 ,4 
AT02309,EMP0301,2026/05/01,23 ,23 ,0 ,7 
AT02310,EMP0301,2026/06/01,20 ,19 ,1 ,18 
AT02311,EMP0301,2026/07/01,23 ,20 ,3 ,8 
AT02312,EMP0301,2026/08/01,20 ,18 ,2 ,9 
AT02313,EMP0302,2026/01/01,20 ,19 ,1 ,15 
AT02314,EMP0302,2026/02/01,22 ,22 ,0 ,7 
AT02315,EMP0302,2026/03/01,20 ,20 ,0 ,2 
AT02316,EMP0302,2026/04/01,20 ,17 ,3 ,6 
AT02317,EMP0302,2026/05/01,22 ,22 ,0 ,12 
AT02318,EMP0302,2026/06/01,21 ,21 ,0 ,0 
AT02319,EMP0302,2026/07/01,21 ,18 ,3 ,1 
AT02320,EMP0302,2026/08/01,20 ,19 ,1 ,2 
AT02321,EMP0303,2026/01/01,23 ,22 ,1 ,10 
AT02322,EMP0303,2026/02/01,22 ,21 ,1 ,5 
AT02323,EMP0303,2026/03/01,20 ,19 ,1 ,4 
AT02324,EMP0303,2026/04/01,22 ,21 ,1 ,30 
AT02325,EMP0303,2026/05/01,23 ,23 ,0 ,10 
AT02326,EMP0303,2026/06/01,22 ,21 ,1 ,15 
AT02327,EMP0303,2026/07/01,20 ,19 ,1 ,13 
AT02328,EMP0303,2026/08/01,20 ,20 ,0 ,3 
AT02329,EMP0304,2026/01/01,20 ,18 ,2 ,11 
AT02330,EMP0304,2026/02/01,22 ,22 ,0 ,21 
AT02331,EMP0304,2026/03/01,20 ,17 ,3 ,21 
AT02332,EMP0304,2026/04/01,20 ,17 ,3 ,13 
AT02333,EMP0304,2026/05/01,21 ,21 ,0 ,4 
AT02334,EMP0304,2026/06/01,21 ,19 ,2 ,9 
AT02335,EMP0304,2026/07/01,20 ,18 ,2 ,12 
AT02336,EMP0304,2026/08/01,20 ,19 ,1 ,10 
AT02337,EMP0305,2026/01/01,21 ,19 ,2 ,19 
AT02338,EMP0305,2026/02/01,21 ,19 ,2 ,8 
AT02339,EMP0305,2026/03/01,23 ,21 ,2 ,8 
AT02340,EMP0305,2026/04/01,23 ,20 ,3 ,17 
AT02341,EMP0305,2026/05/01,21 ,20 ,1 ,7 
AT02342,EMP0305,2026/06/01,23 ,23 ,0 ,16 
AT02343,EMP0305,2026/07/01,22 ,22 ,0 ,20 
AT02344,EMP0305,2026/08/01,21 ,20 ,1 ,12 
AT02345,EMP0306,2026/01/01,21 ,18 ,3 ,9 
AT02346,EMP0306,2026/02/01,20 ,17 ,3 ,8 
AT02347,EMP0306,2026/03/01,21 ,21 ,0 ,9 
AT02348,EMP0306,2026/04/01,22 ,22 ,0 ,8 
AT02349,EMP0306,2026/05/01,23 ,21 ,2 ,7 
AT02350,EMP0306,2026/06/01,22 ,20 ,2 ,8 
AT02351,EMP0306,2026/07/01,22 ,22 ,0 ,11 
AT02352,EMP0306,2026/08/01,20 ,15 ,5 ,18 
AT02353,EMP0307,2026/01/01,21 ,18 ,3 ,18 
AT02354,EMP0307,2026/02/01,23 ,22 ,1 ,9 
AT02355,EMP0307,2026/03/01,22 ,22 ,0 ,5 
AT02356,EMP0307,2026/04/01,23 ,19 ,4 ,17 
AT02357,EMP0307,2026/05/01,22 ,19 ,3 ,8 
AT02358,EMP0307,2026/06/01,22 ,20 ,2 ,13 
AT02359,EMP0307,2026/07/01,22 ,22 ,0 ,10 
AT02360,EMP0307,2026/08/01,23 ,21 ,2 ,0 
AT02361,EMP0308,2026/01/01,21 ,17 ,4 ,9 
AT02362,EMP0308,2026/02/01,21 ,20 ,1 ,0 
AT02363,EMP0308,2026/03/01,20 ,20 ,0 ,0 
AT02364,EMP0308,2026/04/01,23 ,22 ,1 ,8 
AT02365,EMP0308,2026/05/01,23 ,23 ,0 ,14 
AT02366,EMP0308,2026/06/01,23 ,21 ,2 ,16 
AT02367,EMP0308,2026/07/01,21 ,20 ,1 ,0 
AT02368,EMP0308,2026/08/01,22 ,22 ,0 ,24 
AT02369,EMP0309,2026/01/01,20 ,20 ,0 ,11 
AT02370,EMP0309,2026/02/01,23 ,22 ,1 ,0 
AT02371,EMP0309,2026/03/01,21 ,19 ,2 ,9 
AT02372,EMP0309,2026/04/01,23 ,22 ,1 ,11 
AT02373,EMP0309,2026/05/01,23 ,20 ,3 ,0 
AT02374,EMP0309,2026/06/01,21 ,21 ,0 ,25 
AT02375,EMP0309,2026/07/01,23 ,20 ,3 ,12 
AT02376,EMP0309,2026/08/01,22 ,22 ,0 ,4 
AT02377,EMP0310,2026/01/01,21 ,19 ,2 ,22 
AT02378,EMP0310,2026/02/01,23 ,23 ,0 ,12 
AT02379,EMP0310,2026/03/01,21 ,18 ,3 ,17 
AT02380,EMP0310,2026/04/01,20 ,18 ,2 ,2 
AT02381,EMP0310,2026/05/01,22 ,21 ,1 ,3 
AT02382,EMP0310,2026/06/01,23 ,20 ,3 ,12 
AT02383,EMP0310,2026/07/01,20 ,19 ,1 ,3 
AT02384,EMP0310,2026/08/01,21 ,20 ,1 ,16 
AT02385,EMP0311,2026/01/01,21 ,18 ,3 ,0 
AT02386,EMP0311,2026/02/01,20 ,17 ,3 ,15 
AT02387,EMP0311,2026/03/01,22 ,21 ,1 ,3 
AT02388,EMP0311,2026/04/01,21 ,20 ,1 ,0 
AT02389,EMP0311,2026/05/01,23 ,21 ,2 ,20 
AT02390,EMP0311,2026/06/01,23 ,21 ,2 ,7 
AT02391,EMP0311,2026/07/01,22 ,19 ,3 ,20 
AT02392,EMP0311,2026/08/01,20 ,19 ,1 ,4 
AT02393,EMP0312,2026/01/01,21 ,21 ,0 ,11 
AT02394,EMP0312,2026/02/01,23 ,20 ,3 ,0 
AT02395,EMP0313,2026/01/01,22 ,21 ,1 ,7 
AT02396,EMP0313,2026/02/01,20 ,20 ,0 ,10 
AT02397,EMP0313,2026/03/01,21 ,21 ,0 ,12 
AT02398,EMP0313,2026/04/01,20 ,19 ,1 ,12 
AT02399,EMP0313,2026/05/01,20 ,17 ,3 ,0 
AT02400,EMP0313,2026/06/01,22 ,22 ,0 ,20 
AT02401,EMP0313,2026/07/01,20 ,19 ,1 ,7 
AT02402,EMP0313,2026/08/01,20 ,17 ,3 ,2 
AT02403,EMP0314,2026/01/01,23 ,23 ,0 ,0 
AT02404,EMP0314,2026/02/01,22 ,21 ,1 ,10 
AT02405,EMP0314,2026/03/01,23 ,18 ,5 ,12 
AT02406,EMP0314,2026/04/01,21 ,20 ,1 ,11 
AT02407,EMP0314,2026/05/01,23 ,20 ,3 ,14 
AT02408,EMP0314,2026/06/01,23 ,23 ,0 ,0 
AT02409,EMP0314,2026/07/01,22 ,19 ,3 ,0 
AT02410,EMP0314,2026/08/01,23 ,23 ,0 ,12 
AT02411,EMP0315,2026/01/01,21 ,21 ,0 ,10 
AT02412,EMP0315,2026/02/01,20 ,18 ,2 ,8 
AT02413,EMP0315,2026/03/01,21 ,21 ,0 ,0 
AT02414,EMP0315,2026/04/01,21 ,19 ,2 ,17 
AT02415,EMP0315,2026/05/01,20 ,19 ,1 ,21 
AT02416,EMP0315,2026/06/01,21 ,20 ,1 ,2 
AT02417,EMP0315,2026/07/01,20 ,18 ,2 ,4 
AT02418,EMP0315,2026/08/01,21 ,21 ,0 ,8 
AT02419,EMP0316,2026/01/01,22 ,21 ,1 ,14 
AT02420,EMP0316,2026/02/01,22 ,20 ,2 ,26 
AT02421,EMP0316,2026/03/01,22 ,21 ,1 ,16 
AT02422,EMP0316,2026/04/01,20 ,20 ,0 ,0 
AT02423,EMP0316,2026/05/01,23 ,22 ,1 ,10 
AT02424,EMP0316,2026/06/01,23 ,23 ,0 ,14 
AT02425,EMP0316,2026/07/01,23 ,20 ,3 ,9 
AT02426,EMP0316,2026/08/01,21 ,21 ,0 ,0 
AT02427,EMP0317,2026/01/01,22 ,19 ,3 ,12 
AT02428,EMP0317,2026/02/01,22 ,20 ,2 ,9 
AT02429,EMP0317,2026/03/01,22 ,22 ,0 ,15 
AT02430,EMP0317,2026/04/01,22 ,21 ,1 ,3 
AT02431,EMP0317,2026/05/01,20 ,19 ,1 ,0 
AT02432,EMP0317,2026/06/01,22 ,20 ,2 ,15 
AT02433,EMP0317,2026/07/01,20 ,17 ,3 ,0 
AT02434,EMP0317,2026/08/01,23 ,21 ,2 ,0 
AT02435,EMP0318,2026/01/01,23 ,19 ,4 ,8 
AT02436,EMP0318,2026/02/01,22 ,20 ,2 ,11 
AT02437,EMP0318,2026/03/01,20 ,18 ,2 ,8 
AT02438,EMP0318,2026/04/01,22 ,21 ,1 ,10 
AT02439,EMP0318,2026/05/01,23 ,23 ,0 ,9 
AT02440,EMP0318,2026/06/01,23 ,20 ,3 ,4 
AT02441,EMP0318,2026/07/01,22 ,21 ,1 ,6 
AT02442,EMP0318,2026/08/01,22 ,20 ,2 ,13 
AT02443,EMP0319,2026/01/01,21 ,19 ,2 ,0 
AT02444,EMP0319,2026/02/01,23 ,22 ,1 ,1 
AT02445,EMP0319,2026/03/01,22 ,20 ,2 ,7 
AT02446,EMP0319,2026/04/01,22 ,19 ,3 ,2 
AT02447,EMP0319,2026/05/01,23 ,22 ,1 ,17 
AT02448,EMP0319,2026/06/01,23 ,22 ,1 ,3 
AT02449,EMP0319,2026/07/01,23 ,22 ,1 ,1 
AT02450,EMP0319,2026/08/01,22 ,20 ,2 ,5 
AT02451,EMP0320,2026/01/01,22 ,20 ,2 ,15 
AT02452,EMP0320,2026/02/01,21 ,20 ,1 ,9 
AT02453,EMP0320,2026/03/01,23 ,20 ,3 ,3 
AT02454,EMP0320,2026/04/01,21 ,18 ,3 ,24 
AT02455,EMP0320,2026/05/01,20 ,19 ,1 ,22 
AT02456,EMP0320,2026/06/01,23 ,21 ,2 ,3 
AT02457,EMP0320,2026/07/01,23 ,23 ,0 ,21 
AT02458,EMP0320,2026/08/01,21 ,19 ,2 ,7 
AT02459,EMP0321,2026/01/01,21 ,21 ,0 ,3 
AT02460,EMP0321,2026/02/01,23 ,23 ,0 ,9 
AT02461,EMP0321,2026/03/01,22 ,22 ,0 ,18 
AT02462,EMP0321,2026/04/01,20 ,20 ,0 ,0 
AT02463,EMP0321,2026/05/01,23 ,22 ,1 ,15 
AT02464,EMP0321,2026/06/01,22 ,21 ,1 ,15 
AT02465,EMP0321,2026/07/01,21 ,18 ,3 ,3 
AT02466,EMP0321,2026/08/01,21 ,21 ,0 ,6 
AT02467,EMP0322,2026/01/01,20 ,20 ,0 ,23 
AT02468,EMP0322,2026/02/01,22 ,22 ,0 ,10 
AT02469,EMP0322,2026/03/01,20 ,18 ,2 ,6 
AT02470,EMP0322,2026/04/01,21 ,17 ,4 ,4 
AT02471,EMP0322,2026/05/01,23 ,22 ,1 ,13 
AT02472,EMP0322,2026/06/01,20 ,19 ,1 ,2 
AT02473,EMP0322,2026/07/01,22 ,19 ,3 ,25 
AT02474,EMP0322,2026/08/01,20 ,20 ,0 ,17 
AT02475,EMP0323,2026/01/01,21 ,20 ,1 ,0 
AT02476,EMP0323,2026/02/01,23 ,23 ,0 ,11 
AT02477,EMP0323,2026/03/01,21 ,20 ,1 ,7 
AT02478,EMP0323,2026/04/01,23 ,23 ,0 ,9 
AT02479,EMP0323,2026/05/01,20 ,17 ,3 ,7 
AT02480,EMP0323,2026/06/01,20 ,19 ,1 ,29 
AT02481,EMP0323,2026/07/01,23 ,23 ,0 ,8 
AT02482,EMP0323,2026/08/01,22 ,19 ,3 ,27 
AT02483,EMP0324,2026/01/01,23 ,21 ,2 ,15 
AT02484,EMP0324,2026/02/01,21 ,18 ,3 ,6 
AT02485,EMP0324,2026/03/01,23 ,23 ,0 ,9 
AT02486,EMP0324,2026/04/01,22 ,20 ,2 ,8 
AT02487,EMP0324,2026/05/01,20 ,20 ,0 ,5 
AT02488,EMP0324,2026/06/01,21 ,19 ,2 ,13 
AT02489,EMP0324,2026/07/01,21 ,18 ,3 ,0 
AT02490,EMP0324,2026/08/01,21 ,18 ,3 ,15 
AT02491,EMP0325,2026/01/01,21 ,20 ,1 ,14 
AT02492,EMP0325,2026/02/01,22 ,20 ,2 ,8 
AT02493,EMP0325,2026/03/01,20 ,20 ,0 ,14 
AT02494,EMP0325,2026/04/01,22 ,21 ,1 ,0 
AT02495,EMP0325,2026/05/01,21 ,20 ,1 ,13 
AT02496,EMP0325,2026/06/01,21 ,21 ,0 ,5 
AT02497,EMP0325,2026/07/01,23 ,21 ,2 ,11 
AT02498,EMP0325,2026/08/01,21 ,19 ,2 ,2 
AT02499,EMP0326,2026/01/01,21 ,19 ,2 ,9 
AT02500,EMP0326,2026/02/01,23 ,21 ,2 ,0 
AT02501,EMP0326,2026/03/01,23 ,23 ,0 ,6 
AT02502,EMP0326,2026/04/01,21 ,20 ,1 ,0 
AT02503,EMP0326,2026/05/01,21 ,18 ,3 ,27 
AT02504,EMP0326,2026/06/01,20 ,18 ,2 ,17 
AT02505,EMP0326,2026/07/01,20 ,18 ,2 ,10 
AT02506,EMP0326,2026/08/01,21 ,20 ,1 ,18 
AT02507,EMP0327,2026/01/01,23 ,22 ,1 ,18 
AT02508,EMP0327,2026/02/01,23 ,20 ,3 ,10 
AT02509,EMP0327,2026/03/01,22 ,22 ,0 ,23 
AT02510,EMP0327,2026/04/01,22 ,22 ,0 ,7 
AT02511,EMP0327,2026/05/01,21 ,19 ,2 ,10 
AT02512,EMP0327,2026/06/01,22 ,21 ,1 ,0 
AT02513,EMP0327,2026/07/01,20 ,20 ,0 ,12 
AT02514,EMP0327,2026/08/01,21 ,21 ,0 ,20 
AT02515,EMP0329,2026/01/01,22 ,20 ,2 ,20 
AT02516,EMP0329,2026/02/01,21 ,19 ,2 ,1 
AT02517,EMP0329,2026/03/01,22 ,21 ,1 ,0 
AT02518,EMP0329,2026/04/01,21 ,20 ,1 ,2 
AT02519,EMP0329,2026/05/01,21 ,18 ,3 ,3 
AT02520,EMP0329,2026/06/01,21 ,20 ,1 ,7 
AT02521,EMP0329,2026/07/01,21 ,17 ,4 ,14 
AT02522,EMP0329,2026/08/01,22 ,20 ,2 ,9 
AT02523,EMP0330,2026/01/01,21 ,19 ,2 ,10 
AT02524,EMP0330,2026/02/01,21 ,20 ,1 ,4 
AT02525,EMP0330,2026/03/01,23 ,23 ,0 ,10 
AT02526,EMP0330,2026/04/01,20 ,20 ,0 ,2 
AT02527,EMP0330,2026/05/01,23 ,23 ,0 ,10 
AT02528,EMP0330,2026/06/01,22 ,21 ,1 ,3 
AT02529,EMP0330,2026/07/01,22 ,20 ,2 ,21 
AT02530,EMP0330,2026/08/01,23 ,22 ,1 ,16 
AT02531,EMP0331,2026/01/01,20 ,16 ,4 ,13 
AT02532,EMP0331,2026/02/01,21 ,19 ,2 ,17 
AT02533,EMP0331,2026/03/01,21 ,16 ,5 ,6 
AT02534,EMP0331,2026/04/01,22 ,19 ,3 ,15 
AT02535,EMP0331,2026/05/01,22 ,20 ,2 ,14 
AT02536,EMP0331,2026/06/01,22 ,22 ,0 ,2 
AT02537,EMP0331,2026/07/01,23 ,23 ,0 ,10 
AT02538,EMP0331,2026/08/01,23 ,22 ,1 ,18 
AT02539,EMP0332,2026/01/01,22 ,22 ,0 ,10 
AT02540,EMP0332,2026/02/01,22 ,19 ,3 ,0 
AT02541,EMP0332,2026/03/01,23 ,21 ,2 ,13 
AT02542,EMP0332,2026/04/01,23 ,21 ,2 ,0 
AT02543,EMP0332,2026/05/01,23 ,22 ,1 ,14 
AT02544,EMP0332,2026/06/01,23 ,23 ,0 ,8 
AT02545,EMP0332,2026/07/01,20 ,20 ,0 ,0 
AT02546,EMP0332,2026/08/01,20 ,20 ,0 ,4 
AT02547,EMP0333,2026/01/01,20 ,19 ,1 ,10 
AT02548,EMP0333,2026/02/01,22 ,22 ,0 ,12 
AT02549,EMP0333,2026/03/01,23 ,23 ,0 ,0 
AT02550,EMP0333,2026/04/01,22 ,21 ,1 ,5 
AT02551,EMP0333,2026/05/01,22 ,21 ,1 ,16 
AT02552,EMP0333,2026/06/01,21 ,18 ,3 ,16 
AT02553,EMP0333,2026/07/01,23 ,21 ,2 ,8 
AT02554,EMP0333,2026/08/01,21 ,21 ,0 ,1 
AT02555,EMP0334,2026/01/01,21 ,18 ,3 ,7 
AT02556,EMP0334,2026/02/01,20 ,17 ,3 ,0 
AT02557,EMP0334,2026/03/01,20 ,18 ,2 ,11 
AT02558,EMP0334,2026/04/01,22 ,21 ,1 ,10 
AT02559,EMP0334,2026/05/01,22 ,22 ,0 ,19 
AT02560,EMP0334,2026/06/01,22 ,21 ,1 ,13 
AT02561,EMP0334,2026/07/01,21 ,19 ,2 ,8 
AT02562,EMP0334,2026/08/01,20 ,20 ,0 ,21 
AT02563,EMP0335,2026/01/01,21 ,19 ,2 ,1 
AT02564,EMP0335,2026/02/01,22 ,21 ,1 ,15 
AT02565,EMP0335,2026/03/01,23 ,21 ,2 ,6 
AT02566,EMP0335,2026/04/01,23 ,22 ,1 ,15 
AT02567,EMP0335,2026/05/01,20 ,18 ,2 ,27 
AT02568,EMP0335,2026/06/01,20 ,20 ,0 ,0 
AT02569,EMP0335,2026/07/01,23 ,22 ,1 ,18 
AT02570,EMP0335,2026/08/01,22 ,20 ,2 ,17 
AT02571,EMP0336,2026/01/01,20 ,17 ,3 ,14 
AT02572,EMP0336,2026/02/01,23 ,21 ,2 ,8 
AT02573,EMP0336,2026/03/01,22 ,22 ,0 ,5 
AT02574,EMP0336,2026/04/01,23 ,21 ,2 ,8 
AT02575,EMP0336,2026/05/01,20 ,19 ,1 ,5 
AT02576,EMP0336,2026/06/01,20 ,18 ,2 ,17 
AT02577,EMP0336,2026/07/01,23 ,22 ,1 ,16 
AT02578,EMP0336,2026/08/01,22 ,22 ,0 ,6 
AT02579,EMP0337,2026/01/01,21 ,21 ,0 ,12 
AT02580,EMP0337,2026/02/01,22 ,22 ,0 ,28 
AT02581,EMP0337,2026/03/01,22 ,21 ,1 ,22 
AT02582,EMP0337,2026/04/01,21 ,21 ,0 ,22 
AT02583,EMP0337,2026/05/01,23 ,23 ,0 ,4 
AT02584,EMP0337,2026/06/01,21 ,20 ,1 ,11 
AT02585,EMP0337,2026/07/01,20 ,20 ,0 ,15 
AT02586,EMP0337,2026/08/01,23 ,22 ,1 ,9 
AT02587,EMP0338,2026/01/01,23 ,21 ,2 ,11 
AT02588,EMP0338,2026/02/01,22 ,21 ,1 ,19 
AT02589,EMP0338,2026/03/01,21 ,19 ,2 ,0 
AT02590,EMP0338,2026/04/01,20 ,19 ,1 ,17 
AT02591,EMP0338,2026/05/01,23 ,21 ,2 ,24 
AT02592,EMP0338,2026/06/01,20 ,17 ,3 ,5 
AT02593,EMP0338,2026/07/01,23 ,23 ,0 ,13 
AT02594,EMP0338,2026/08/01,22 ,20 ,2 ,10 
AT02595,EMP0339,2026/01/01,21 ,18 ,3 ,8 
AT02596,EMP0339,2026/02/01,20 ,20 ,0 ,9 
AT02597,EMP0339,2026/03/01,20 ,19 ,1 ,10 
AT02598,EMP0339,2026/04/01,22 ,22 ,0 ,8 
AT02599,EMP0339,2026/05/01,23 ,19 ,4 ,11 
AT02600,EMP0339,2026/06/01,23 ,23 ,0 ,15 
AT02601,EMP0339,2026/07/01,21 ,20 ,1 ,3 
AT02602,EMP0339,2026/08/01,20 ,20 ,0 ,4 
AT02603,EMP0340,2026/01/01,23 ,21 ,2 ,6 
AT02604,EMP0340,2026/02/01,23 ,21 ,2 ,3 
AT02605,EMP0340,2026/03/01,21 ,20 ,1 ,22 
AT02606,EMP0340,2026/04/01,20 ,20 ,0 ,13 
AT02607,EMP0340,2026/05/01,21 ,18 ,3 ,13 
AT02608,EMP0340,2026/06/01,20 ,19 ,1 ,16 
AT02609,EMP0340,2026/07/01,21 ,21 ,0 ,0 
AT02610,EMP0340,2026/08/01,22 ,21 ,1 ,12 
AT02611,EMP0341,2026/01/01,22 ,20 ,2 ,2 
AT02612,EMP0341,2026/02/01,21 ,20 ,1 ,17 
AT02613,EMP0341,2026/03/01,21 ,16 ,5 ,0 
AT02614,EMP0341,2026/04/01,22 ,21 ,1 ,7 
AT02615,EMP0341,2026/05/01,23 ,21 ,2 ,14 
AT02616,EMP0341,2026/06/01,21 ,21 ,0 ,13 
AT02617,EMP0341,2026/07/01,21 ,20 ,1 ,5 
AT02618,EMP0341,2026/08/01,23 ,23 ,0 ,5 
AT02619,EMP0342,2026/01/01,21 ,21 ,0 ,6 
AT02620,EMP0342,2026/02/01,20 ,20 ,0 ,6 
AT02621,EMP0342,2026/03/01,23 ,22 ,1 ,3 
AT02622,EMP0342,2026/04/01,21 ,21 ,0 ,8 
AT02623,EMP0342,2026/05/01,20 ,17 ,3 ,4 
AT02624,EMP0342,2026/06/01,22 ,21 ,1 ,8 
AT02625,EMP0342,2026/07/01,20 ,17 ,3 ,5 
AT02626,EMP0342,2026/08/01,22 ,22 ,0 ,11 
AT02627,EMP0343,2026/01/01,21 ,21 ,0 ,12 
AT02628,EMP0343,2026/02/01,23 ,23 ,0 ,17 
AT02629,EMP0343,2026/03/01,23 ,19 ,4 ,19 
AT02630,EMP0343,2026/04/01,22 ,19 ,3 ,12 
AT02631,EMP0343,2026/05/01,20 ,17 ,3 ,19 
AT02632,EMP0343,2026/06/01,21 ,20 ,1 ,6 
AT02633,EMP0343,2026/07/01,21 ,20 ,1 ,27 
AT02634,EMP0343,2026/08/01,22 ,19 ,3 ,10 
AT02635,EMP0344,2026/01/01,21 ,20 ,1 ,15 
AT02636,EMP0344,2026/02/01,22 ,22 ,0 ,0 
AT02637,EMP0344,2026/03/01,20 ,16 ,4 ,5 
AT02638,EMP0344,2026/04/01,22 ,20 ,2 ,19 
AT02639,EMP0344,2026/05/01,21 ,20 ,1 ,18 
AT02640,EMP0344,2026/06/01,22 ,21 ,1 ,9 
AT02641,EMP0344,2026/07/01,22 ,21 ,1 ,6 
AT02642,EMP0344,2026/08/01,21 ,19 ,2 ,12 
AT02643,EMP0345,2026/01/01,21 ,20 ,1 ,26 
AT02644,EMP0345,2026/02/01,22 ,20 ,2 ,10 
AT02645,EMP0345,2026/03/01,21 ,20 ,1 ,11 
AT02646,EMP0345,2026/04/01,22 ,22 ,0 ,16 
AT02647,EMP0345,2026/05/01,22 ,19 ,3 ,5 
AT02648,EMP0345,2026/06/01,23 ,22 ,1 ,10 
AT02649,EMP0345,2026/07/01,22 ,22 ,0 ,14 
AT02650,EMP0345,2026/08/01,22 ,20 ,2 ,0 
AT02651,EMP0346,2026/01/01,20 ,18 ,2 ,8 
AT02652,EMP0346,2026/02/01,21 ,21 ,0 ,16 
AT02653,EMP0346,2026/03/01,22 ,21 ,1 ,19 
AT02654,EMP0346,2026/04/01,21 ,19 ,2 ,10 
AT02655,EMP0346,2026/05/01,23 ,21 ,2 ,4 
AT02656,EMP0346,2026/06/01,22 ,19 ,3 ,5 
AT02657,EMP0346,2026/07/01,21 ,19 ,2 ,16 
AT02658,EMP0346,2026/08/01,22 ,21 ,1 ,19 
AT02659,EMP0347,2026/01/01,21 ,20 ,1 ,5 
AT02660,EMP0347,2026/02/01,21 ,18 ,3 ,0 
AT02661,EMP0347,2026/03/01,21 ,21 ,0 ,1 
AT02662,EMP0347,2026/04/01,23 ,21 ,2 ,14 
AT02663,EMP0347,2026/05/01,21 ,21 ,0 ,6 
AT02664,EMP0347,2026/06/01,23 ,23 ,0 ,17 
AT02665,EMP0347,2026/07/01,21 ,21 ,0 ,16 
AT02666,EMP0347,2026/08/01,21 ,20 ,1 ,15 
AT02667,EMP0348,2026/01/01,20 ,18 ,2 ,5 
AT02668,EMP0348,2026/02/01,20 ,19 ,1 ,15 
AT02669,EMP0348,2026/03/01,23 ,20 ,3 ,2 
AT02670,EMP0348,2026/04/01,21 ,19 ,2 ,12 
AT02671,EMP0348,2026/05/01,21 ,18 ,3 ,3 
AT02672,EMP0348,2026/06/01,21 ,19 ,2 ,9 
AT02673,EMP0348,2026/07/01,22 ,22 ,0 ,0 
AT02674,EMP0348,2026/08/01,20 ,19 ,1 ,14 
AT02675,EMP0349,2026/01/01,21 ,21 ,0 ,8 
AT02676,EMP0349,2026/02/01,21 ,21 ,0 ,9 
AT02677,EMP0349,2026/03/01,20 ,18 ,2 ,0 
AT02678,EMP0349,2026/04/01,22 ,19 ,3 ,6 
AT02679,EMP0349,2026/05/01,23 ,22 ,1 ,7 
AT02680,EMP0349,2026/06/01,23 ,21 ,2 ,8 
AT02681,EMP0349,2026/07/01,23 ,22 ,1 ,3 
AT02682,EMP0349,2026/08/01,22 ,20 ,2 ,10 
AT02683,EMP0350,2026/01/01,20 ,20 ,0 ,2 
AT02684,EMP0350,2026/02/01,20 ,19 ,1 ,7 
AT02685,EMP0350,2026/03/01,23 ,21 ,2 ,18 
AT02686,EMP0350,2026/04/01,21 ,19 ,2 ,5 
AT02687,EMP0350,2026/05/01,22 ,22 ,0 ,15 
AT02688,EMP0350,2026/06/01,23 ,22 ,1 ,7 
AT02689,EMP0350,2026/07/01,22 ,20 ,2 ,7 
AT02690,EMP0350,2026/08/01,23 ,21 ,2 ,15 
AT02691,EMP0351,2026/01/01,21 ,20 ,1 ,10 
AT02692,EMP0351,2026/02/01,22 ,20 ,2 ,0 
AT02693,EMP0351,2026/03/01,20 ,20 ,0 ,12 
AT02694,EMP0351,2026/04/01,21 ,21 ,0 ,8 
AT02695,EMP0351,2026/05/01,22 ,20 ,2 ,12 
AT02696,EMP0351,2026/06/01,21 ,19 ,2 ,8 
AT02697,EMP0351,2026/07/01,23 ,20 ,3 ,9 
AT02698,EMP0351,2026/08/01,23 ,22 ,1 ,15 
AT02699,EMP0352,2026/01/01,23 ,22 ,1 ,22 
AT02700,EMP0352,2026/02/01,21 ,17 ,4 ,12 
AT02701,EMP0352,2026/03/01,20 ,17 ,3 ,12 
AT02702,EMP0352,2026/04/01,20 ,20 ,0 ,0 
AT02703,EMP0352,2026/05/01,21 ,18 ,3 ,18 
AT02704,EMP0352,2026/06/01,20 ,19 ,1 ,9 
AT02705,EMP0352,2026/07/01,22 ,20 ,2 ,4 
AT02706,EMP0352,2026/08/01,21 ,19 ,2 ,1 
AT02707,EMP0353,2026/01/01,23 ,21 ,2 ,14 
AT02708,EMP0353,2026/02/01,22 ,22 ,0 ,20 
AT02709,EMP0353,2026/03/01,22 ,17 ,5 ,20 
AT02710,EMP0353,2026/04/01,21 ,21 ,0 ,8 
AT02711,EMP0353,2026/05/01,21 ,21 ,0 ,10 
AT02712,EMP0353,2026/06/01,22 ,17 ,5 ,22 
AT02713,EMP0353,2026/07/01,22 ,21 ,1 ,15 
AT02714,EMP0353,2026/08/01,20 ,18 ,2 ,5 
AT02715,EMP0354,2026/01/01,23 ,23 ,0 ,5 
AT02716,EMP0354,2026/02/01,20 ,19 ,1 ,17 
AT02717,EMP0354,2026/03/01,21 ,21 ,0 ,5 
AT02718,EMP0354,2026/04/01,22 ,19 ,3 ,8 
AT02719,EMP0354,2026/05/01,22 ,20 ,2 ,2 
AT02720,EMP0354,2026/06/01,21 ,21 ,0 ,0 
AT02721,EMP0354,2026/07/01,23 ,23 ,0 ,10 
AT02722,EMP0354,2026/08/01,21 ,20 ,1 ,7 
AT02723,EMP0355,2026/01/01,22 ,20 ,2 ,16 
AT02724,EMP0355,2026/02/01,22 ,20 ,2 ,12 
AT02725,EMP0355,2026/03/01,20 ,19 ,1 ,19 
AT02726,EMP0355,2026/04/01,21 ,20 ,1 ,9 
AT02727,EMP0355,2026/05/01,21 ,21 ,0 ,11 
AT02728,EMP0355,2026/06/01,23 ,23 ,0 ,7 
AT02729,EMP0355,2026/07/01,22 ,21 ,1 ,18 
AT02730,EMP0355,2026/08/01,20 ,18 ,2 ,11 
AT02731,EMP0356,2026/01/01,23 ,23 ,0 ,9 
AT02732,EMP0356,2026/02/01,23 ,23 ,0 ,16 
AT02733,EMP0356,2026/03/01,20 ,18 ,2 ,33 
AT02734,EMP0356,2026/04/01,20 ,17 ,3 ,14 
AT02735,EMP0356,2026/05/01,20 ,20 ,0 ,22 
AT02736,EMP0356,2026/06/01,21 ,20 ,1 ,22 
AT02737,EMP0356,2026/07/01,22 ,21 ,1 ,15 
AT02738,EMP0356,2026/08/01,23 ,18 ,5 ,16 
AT02739,EMP0357,2026/01/01,20 ,19 ,1 ,8 
AT02740,EMP0357,2026/02/01,23 ,19 ,4 ,15 
AT02741,EMP0357,2026/03/01,23 ,22 ,1 ,19 
AT02742,EMP0357,2026/04/01,22 ,21 ,1 ,6 
AT02743,EMP0357,2026/05/01,22 ,22 ,0 ,12 
AT02744,EMP0357,2026/06/01,20 ,18 ,2 ,5 
AT02745,EMP0357,2026/07/01,23 ,22 ,1 ,14 
AT02746,EMP0357,2026/08/01,23 ,23 ,0 ,0 
AT02747,EMP0358,2026/01/01,23 ,23 ,0 ,13 
AT02748,EMP0358,2026/02/01,22 ,19 ,3 ,14 
AT02749,EMP0358,2026/03/01,23 ,21 ,2 ,24 
AT02750,EMP0358,2026/04/01,22 ,20 ,2 ,8 
AT02751,EMP0358,2026/05/01,23 ,22 ,1 ,7 
AT02752,EMP0358,2026/06/01,23 ,20 ,3 ,16 
AT02753,EMP0358,2026/07/01,23 ,22 ,1 ,0 
AT02754,EMP0358,2026/08/01,22 ,21 ,1 ,21 
AT02755,EMP0359,2026/01/01,22 ,21 ,1 ,13 
AT02756,EMP0359,2026/02/01,20 ,16 ,4 ,2 
AT02757,EMP0359,2026/03/01,23 ,21 ,2 ,15 
AT02758,EMP0359,2026/04/01,22 ,21 ,1 ,13 
AT02759,EMP0359,2026/05/01,20 ,18 ,2 ,19 
AT02760,EMP0359,2026/06/01,23 ,22 ,1 ,4 
AT02761,EMP0359,2026/07/01,22 ,22 ,0 ,4 
AT02762,EMP0359,2026/08/01,23 ,22 ,1 ,3 
AT02763,EMP0360,2026/01/01,20 ,19 ,1 ,0 
AT02764,EMP0360,2026/02/01,21 ,21 ,0 ,5 
AT02765,EMP0360,2026/03/01,22 ,22 ,0 ,25 
AT02766,EMP0360,2026/04/01,21 ,21 ,0 ,2 
AT02767,EMP0360,2026/05/01,21 ,19 ,2 ,0 
AT02768,EMP0360,2026/06/01,21 ,21 ,0 ,8 
AT02769,EMP0360,2026/07/01,21 ,21 ,0 ,9 
AT02770,EMP0360,2026/08/01,20 ,19 ,1 ,8 
AT02771,EMP0361,2026/01/01,20 ,18 ,2 ,6 
AT02772,EMP0361,2026/02/01,23 ,22 ,1 ,14 
AT02773,EMP0361,2026/03/01,20 ,19 ,1 ,6 
AT02774,EMP0361,2026/04/01,20 ,18 ,2 ,2 
AT02775,EMP0361,2026/05/01,20 ,19 ,1 ,19 
AT02776,EMP0361,2026/06/01,20 ,19 ,1 ,7 
AT02777,EMP0361,2026/07/01,21 ,18 ,3 ,0 
AT02778,EMP0361,2026/08/01,23 ,21 ,2 ,7 
AT02779,EMP0362,2026/01/01,21 ,19 ,2 ,10 
AT02780,EMP0362,2026/02/01,21 ,20 ,1 ,10 
AT02781,EMP0362,2026/03/01,21 ,20 ,1 ,4 
AT02782,EMP0362,2026/04/01,22 ,19 ,3 ,6 
AT02783,EMP0362,2026/05/01,21 ,20 ,1 ,16 
AT02784,EMP0362,2026/06/01,22 ,22 ,0 ,3 
AT02785,EMP0362,2026/07/01,20 ,20 ,0 ,0 
AT02786,EMP0362,2026/08/01,23 ,20 ,3 ,7 
AT02787,EMP0363,2026/01/01,21 ,20 ,1 ,20 
AT02788,EMP0363,2026/02/01,21 ,21 ,0 ,10 
AT02789,EMP0363,2026/03/01,23 ,20 ,3 ,5 
AT02790,EMP0363,2026/04/01,21 ,18 ,3 ,12 
AT02791,EMP0363,2026/05/01,20 ,19 ,1 ,15 
AT02792,EMP0363,2026/06/01,21 ,19 ,2 ,9 
AT02793,EMP0363,2026/07/01,20 ,20 ,0 ,10 
AT02794,EMP0363,2026/08/01,22 ,22 ,0 ,8 
AT02795,EMP0364,2026/01/01,23 ,23 ,0 ,18 
AT02796,EMP0364,2026/02/01,23 ,22 ,1 ,6 
AT02797,EMP0364,2026/03/01,22 ,19 ,3 ,6 
AT02798,EMP0364,2026/04/01,22 ,22 ,0 ,13 
AT02799,EMP0364,2026/05/01,20 ,17 ,3 ,14 
AT02800,EMP0364,2026/06/01,22 ,20 ,2 ,18 
AT02801,EMP0364,2026/07/01,20 ,19 ,1 ,0 
AT02802,EMP0364,2026/08/01,22 ,19 ,3 ,19 
AT02803,EMP0365,2026/01/01,21 ,19 ,2 ,16 
AT02804,EMP0365,2026/02/01,20 ,18 ,2 ,7 
AT02805,EMP0365,2026/03/01,22 ,21 ,1 ,9 
AT02806,EMP0365,2026/04/01,20 ,19 ,1 ,8 
AT02807,EMP0365,2026/05/01,22 ,20 ,2 ,6 
AT02808,EMP0365,2026/06/01,22 ,21 ,1 ,11 
AT02809,EMP0365,2026/07/01,22 ,21 ,1 ,19 
AT02810,EMP0365,2026/08/01,23 ,23 ,0 ,8 
AT02811,EMP0366,2026/01/01,22 ,21 ,1 ,8 
AT02812,EMP0366,2026/02/01,22 ,22 ,0 ,21 
AT02813,EMP0366,2026/03/01,20 ,19 ,1 ,15 
AT02814,EMP0366,2026/04/01,22 ,18 ,4 ,7 
AT02815,EMP0366,2026/05/01,20 ,17 ,3 ,22 
AT02816,EMP0366,2026/06/01,22 ,20 ,2 ,8 
AT02817,EMP0366,2026/07/01,20 ,19 ,1 ,13 
AT02818,EMP0366,2026/08/01,23 ,23 ,0 ,15 
AT02819,EMP0367,2026/01/01,20 ,18 ,2 ,9 
AT02820,EMP0367,2026/02/01,21 ,21 ,0 ,4 
AT02821,EMP0367,2026/03/01,21 ,18 ,3 ,14 
AT02822,EMP0367,2026/04/01,22 ,20 ,2 ,13 
AT02823,EMP0367,2026/05/01,21 ,21 ,0 ,23 
AT02824,EMP0367,2026/06/01,20 ,19 ,1 ,7 
AT02825,EMP0367,2026/07/01,23 ,21 ,2 ,13 
AT02826,EMP0367,2026/08/01,21 ,19 ,2 ,16 
AT02827,EMP0368,2026/01/01,22 ,22 ,0 ,13 
AT02828,EMP0368,2026/02/01,22 ,20 ,2 ,13 
AT02829,EMP0368,2026/03/01,22 ,21 ,1 ,4 
AT02830,EMP0368,2026/04/01,20 ,20 ,0 ,9 
AT02831,EMP0368,2026/05/01,21 ,18 ,3 ,18 
AT02832,EMP0368,2026/06/01,20 ,17 ,3 ,19 
AT02833,EMP0368,2026/07/01,20 ,20 ,0 ,12 
AT02834,EMP0368,2026/08/01,20 ,18 ,2 ,17 
AT02835,EMP0369,2026/01/01,20 ,17 ,3 ,0 
AT02836,EMP0369,2026/02/01,23 ,21 ,2 ,3 
AT02837,EMP0369,2026/03/01,20 ,19 ,1 ,14 
AT02838,EMP0369,2026/04/01,23 ,22 ,1 ,0 
AT02839,EMP0369,2026/05/01,23 ,22 ,1 ,11 
AT02840,EMP0369,2026/06/01,22 ,19 ,3 ,4 
AT02841,EMP0369,2026/07/01,23 ,22 ,1 ,10 
AT02842,EMP0369,2026/08/01,22 ,22 ,0 ,1 
AT02843,EMP0370,2026/01/01,21 ,20 ,1 ,8 
AT02844,EMP0370,2026/02/01,21 ,19 ,2 ,3 
AT02845,EMP0370,2026/03/01,23 ,20 ,3 ,13 
AT02846,EMP0370,2026/04/01,21 ,18 ,3 ,3 
AT02847,EMP0370,2026/05/01,22 ,21 ,1 ,19 
AT02848,EMP0370,2026/06/01,21 ,21 ,0 ,5 
AT02849,EMP0370,2026/07/01,23 ,23 ,0 ,7 
AT02850,EMP0370,2026/08/01,23 ,23 ,0 ,15 
AT02851,EMP0371,2026/01/01,20 ,19 ,1 ,19 
AT02852,EMP0371,2026/02/01,23 ,22 ,1 ,4 
AT02853,EMP0371,2026/03/01,21 ,18 ,3 ,5 
AT02854,EMP0371,2026/04/01,23 ,23 ,0 ,0 
AT02855,EMP0371,2026/05/01,22 ,21 ,1 ,18 
AT02856,EMP0371,2026/06/01,21 ,21 ,0 ,16 
AT02857,EMP0371,2026/07/01,21 ,18 ,3 ,5 
AT02858,EMP0371,2026/08/01,23 ,23 ,0 ,3 
AT02859,EMP0372,2026/01/01,22 ,22 ,0 ,8 
AT02860,EMP0372,2026/02/01,23 ,22 ,1 ,12 
AT02861,EMP0372,2026/03/01,20 ,19 ,1 ,5 
AT02862,EMP0372,2026/04/01,20 ,20 ,0 ,7 
AT02863,EMP0372,2026/05/01,23 ,23 ,0 ,8 
AT02864,EMP0372,2026/06/01,22 ,22 ,0 ,14 
AT02865,EMP0372,2026/07/01,20 ,20 ,0 ,21 
AT02866,EMP0372,2026/08/01,20 ,19 ,1 ,23 
AT02867,EMP0373,2026/01/01,21 ,19 ,2 ,9 
AT02868,EMP0373,2026/02/01,20 ,19 ,1 ,8 
AT02869,EMP0373,2026/03/01,20 ,19 ,1 ,22 
AT02870,EMP0373,2026/04/01,20 ,20 ,0 ,14 
AT02871,EMP0373,2026/05/01,21 ,21 ,0 ,12 
AT02872,EMP0373,2026/06/01,20 ,19 ,1 ,5 
AT02873,EMP0373,2026/07/01,23 ,22 ,1 ,22 
AT02874,EMP0373,2026/08/01,22 ,22 ,0 ,9 
AT02875,EMP0374,2026/01/01,23 ,23 ,0 ,12 
AT02876,EMP0374,2026/02/01,21 ,21 ,0 ,1 
AT02877,EMP0374,2026/03/01,20 ,20 ,0 ,3 
AT02878,EMP0374,2026/04/01,20 ,17 ,3 ,17 
AT02879,EMP0374,2026/05/01,22 ,22 ,0 ,8 
AT02880,EMP0374,2026/06/01,22 ,21 ,1 ,6 
AT02881,EMP0374,2026/07/01,23 ,23 ,0 ,6 
AT02882,EMP0374,2026/08/01,23 ,21 ,2 ,6 
AT02883,EMP0375,2026/01/01,22 ,22 ,0 ,6 
AT02884,EMP0375,2026/02/01,20 ,17 ,3 ,4 
AT02885,EMP0375,2026/03/01,22 ,19 ,3 ,3 
AT02886,EMP0375,2026/04/01,23 ,23 ,0 ,10 
AT02887,EMP0375,2026/05/01,22 ,21 ,1 ,14 
AT02888,EMP0375,2026/06/01,23 ,21 ,2 ,17 
AT02889,EMP0375,2026/07/01,21 ,19 ,2 ,9 
AT02890,EMP0375,2026/08/01,21 ,21 ,0 ,3 
AT02891,EMP0376,2026/01/01,23 ,23 ,0 ,0 
AT02892,EMP0376,2026/02/01,22 ,20 ,2 ,4 
AT02893,EMP0376,2026/03/01,20 ,19 ,1 ,15 
AT02894,EMP0376,2026/04/01,21 ,20 ,1 ,19 
AT02895,EMP0376,2026/05/01,21 ,19 ,2 ,8 
AT02896,EMP0376,2026/06/01,22 ,21 ,1 ,22 
AT02897,EMP0376,2026/07/01,22 ,21 ,1 ,3 
AT02898,EMP0376,2026/08/01,21 ,20 ,1 ,13 
AT02899,EMP0377,2026/01/01,20 ,20 ,0 ,3 
AT02900,EMP0377,2026/02/01,21 ,21 ,0 ,2 
AT02901,EMP0377,2026/03/01,21 ,21 ,0 ,17 
AT02902,EMP0377,2026/04/01,23 ,21 ,2 ,14 
AT02903,EMP0377,2026/05/01,20 ,18 ,2 ,15 
AT02904,EMP0377,2026/06/01,20 ,18 ,2 ,0 
AT02905,EMP0377,2026/07/01,20 ,17 ,3 ,13 
AT02906,EMP0377,2026/08/01,20 ,19 ,1 ,7 
AT02907,EMP0378,2026/01/01,22 ,21 ,1 ,1 
AT02908,EMP0378,2026/02/01,20 ,18 ,2 ,10 
AT02909,EMP0378,2026/03/01,20 ,20 ,0 ,3 
AT02910,EMP0378,2026/04/01,21 ,19 ,2 ,6 
AT02911,EMP0378,2026/05/01,22 ,18 ,4 ,22 
AT02912,EMP0378,2026/06/01,20 ,20 ,0 ,16 
AT02913,EMP0378,2026/07/01,23 ,23 ,0 ,10 
AT02914,EMP0378,2026/08/01,20 ,20 ,0 ,13 
AT02915,EMP0379,2026/01/01,21 ,20 ,1 ,16 
AT02916,EMP0379,2026/02/01,21 ,18 ,3 ,16 
AT02917,EMP0379,2026/03/01,21 ,20 ,1 ,17 
AT02918,EMP0379,2026/04/01,21 ,20 ,1 ,6 
AT02919,EMP0379,2026/05/01,22 ,20 ,2 ,6 
AT02920,EMP0379,2026/06/01,23 ,21 ,2 ,16 
AT02921,EMP0379,2026/07/01,20 ,17 ,3 ,13 
AT02922,EMP0379,2026/08/01,21 ,17 ,4 ,15 
AT02923,EMP0380,2026/01/01,23 ,22 ,1 ,0 
AT02924,EMP0380,2026/02/01,20 ,19 ,1 ,0 
AT02925,EMP0380,2026/03/01,22 ,22 ,0 ,15 
AT02926,EMP0380,2026/04/01,22 ,21 ,1 ,16 
AT02927,EMP0380,2026/05/01,20 ,18 ,2 ,15 
AT02928,EMP0380,2026/06/01,22 ,20 ,2 ,3 
AT02929,EMP0380,2026/07/01,23 ,22 ,1 ,23 
AT02930,EMP0380,2026/08/01,21 ,20 ,1 ,14 
AT02931,EMP0381,2026/01/01,22 ,22 ,0 ,7 
AT02932,EMP0381,2026/02/01,21 ,19 ,2 ,24 
AT02933,EMP0381,2026/03/01,20 ,20 ,0 ,18 
AT02934,EMP0381,2026/04/01,21 ,19 ,2 ,6 
AT02935,EMP0381,2026/05/01,20 ,18 ,2 ,16 
AT02936,EMP0381,2026/06/01,22 ,20 ,2 ,8 
AT02937,EMP0381,2026/07/01,23 ,22 ,1 ,11 
AT02938,EMP0381,2026/08/01,21 ,20 ,1 ,21 
AT02939,EMP0382,2026/01/01,20 ,17 ,3 ,25 
AT02940,EMP0382,2026/02/01,21 ,20 ,1 ,10 
AT02941,EMP0382,2026/03/01,23 ,23 ,0 ,2 
AT02942,EMP0382,2026/04/01,23 ,21 ,2 ,20 
AT02943,EMP0382,2026/05/01,20 ,18 ,2 ,18 
AT02944,EMP0382,2026/06/01,20 ,17 ,3 ,0 
AT02945,EMP0382,2026/07/01,21 ,19 ,2 ,6 
AT02946,EMP0382,2026/08/01,22 ,20 ,2 ,8 
AT02947,EMP0383,2026/01/01,23 ,22 ,1 ,10 
AT02948,EMP0383,2026/02/01,21 ,21 ,0 ,0 
AT02949,EMP0383,2026/03/01,21 ,21 ,0 ,0 
AT02950,EMP0383,2026/04/01,23 ,23 ,0 ,6 
AT02951,EMP0383,2026/05/01,21 ,21 ,0 ,7 
AT02952,EMP0383,2026/06/01,21 ,19 ,2 ,14 
AT02953,EMP0383,2026/07/01,23 ,22 ,1 ,7 
AT02954,EMP0383,2026/08/01,21 ,21 ,0 ,23 
AT02955,EMP0384,2026/01/01,20 ,20 ,0 ,0 
AT02956,EMP0384,2026/02/01,22 ,20 ,2 ,24 
AT02957,EMP0384,2026/03/01,20 ,16 ,4 ,3 
AT02958,EMP0384,2026/04/01,22 ,20 ,2 ,7 
AT02959,EMP0384,2026/05/01,21 ,20 ,1 ,4 
AT02960,EMP0384,2026/06/01,20 ,20 ,0 ,7 
AT02961,EMP0384,2026/07/01,23 ,21 ,2 ,7 
AT02962,EMP0384,2026/08/01,20 ,19 ,1 ,4 
AT02963,EMP0385,2026/01/01,23 ,21 ,2 ,16 
AT02964,EMP0385,2026/02/01,23 ,23 ,0 ,18 
AT02965,EMP0385,2026/03/01,20 ,20 ,0 ,5 
AT02966,EMP0385,2026/04/01,22 ,21 ,1 ,0 
AT02967,EMP0385,2026/05/01,23 ,23 ,0 ,3 
AT02968,EMP0385,2026/06/01,22 ,20 ,2 ,1 
AT02969,EMP0385,2026/07/01,23 ,21 ,2 ,10 
AT02970,EMP0385,2026/08/01,22 ,20 ,2 ,15 
AT02971,EMP0386,2026/01/01,20 ,18 ,2 ,8 
AT02972,EMP0386,2026/02/01,23 ,22 ,1 ,15 
AT02973,EMP0386,2026/03/01,23 ,22 ,1 ,8 
AT02974,EMP0386,2026/04/01,21 ,20 ,1 ,7 
AT02975,EMP0386,2026/05/01,22 ,21 ,1 ,2 
AT02976,EMP0386,2026/06/01,20 ,17 ,3 ,17 
AT02977,EMP0386,2026/07/01,21 ,18 ,3 ,9 
AT02978,EMP0386,2026/08/01,20 ,19 ,1 ,18 
AT02979,EMP0387,2026/01/01,22 ,21 ,1 ,14 
AT02980,EMP0387,2026/02/01,21 ,20 ,1 ,14 
AT02981,EMP0387,2026/03/01,20 ,18 ,2 ,9 
AT02982,EMP0387,2026/04/01,21 ,21 ,0 ,14 
AT02983,EMP0387,2026/05/01,20 ,15 ,5 ,9 
AT02984,EMP0387,2026/06/01,22 ,21 ,1 ,11 
AT02985,EMP0387,2026/07/01,22 ,18 ,4 ,15 
AT02986,EMP0387,2026/08/01,22 ,19 ,3 ,20 
AT02987,EMP0388,2026/01/01,22 ,21 ,1 ,22 
AT02988,EMP0388,2026/02/01,23 ,23 ,0 ,13 
AT02989,EMP0388,2026/03/01,21 ,20 ,1 ,7 
AT02990,EMP0388,2026/04/01,23 ,23 ,0 ,16 
AT02991,EMP0388,2026/05/01,20 ,18 ,2 ,9 
AT02992,EMP0388,2026/06/01,22 ,21 ,1 ,10 
AT02993,EMP0388,2026/07/01,20 ,17 ,3 ,11 
AT02994,EMP0388,2026/08/01,20 ,20 ,0 ,7 
AT02995,EMP0389,2026/01/01,21 ,21 ,0 ,9 
AT02996,EMP0389,2026/02/01,21 ,21 ,0 ,8 
AT02997,EMP0389,2026/03/01,21 ,18 ,3 ,9 
AT02998,EMP0389,2026/04/01,23 ,21 ,2 ,16 
AT02999,EMP0389,2026/05/01,23 ,22 ,1 ,2 
AT03000,EMP0389,2026/06/01,20 ,20 ,0 ,6 
AT03001,EMP0389,2026/07/01,23 ,22 ,1 ,12 
AT03002,EMP0389,2026/08/01,21 ,19 ,2 ,6 
AT03003,EMP0390,2026/01/01,20 ,19 ,1 ,7 
AT03004,EMP0390,2026/02/01,21 ,21 ,0 ,0 
AT03005,EMP0390,2026/03/01,21 ,19 ,2 ,15 
AT03006,EMP0390,2026/04/01,22 ,18 ,4 ,13 
AT03007,EMP0390,2026/05/01,22 ,22 ,0 ,14 
AT03008,EMP0390,2026/06/01,22 ,21 ,1 ,14 
AT03009,EMP0390,2026/07/01,20 ,20 ,0 ,13 
AT03010,EMP0390,2026/08/01,23 ,21 ,2 ,12 
AT03011,EMP0391,2026/01/01,21 ,20 ,1 ,15 
AT03012,EMP0391,2026/02/01,20 ,20 ,0 ,15 
AT03013,EMP0391,2026/03/01,23 ,18 ,5 ,8 
AT03014,EMP0391,2026/04/01,22 ,22 ,0 ,18 
AT03015,EMP0391,2026/05/01,22 ,20 ,2 ,13 
AT03016,EMP0391,2026/06/01,22 ,19 ,3 ,10 
AT03017,EMP0391,2026/07/01,21 ,21 ,0 ,7 
AT03018,EMP0391,2026/08/01,23 ,21 ,2 ,8 
AT03019,EMP0392,2026/01/01,23 ,20 ,3 ,12 
AT03020,EMP0392,2026/02/01,23 ,22 ,1 ,16 
AT03021,EMP0392,2026/03/01,20 ,17 ,3 ,13 
AT03022,EMP0392,2026/04/01,22 ,22 ,0 ,9 
AT03023,EMP0392,2026/05/01,22 ,18 ,4 ,14 
AT03024,EMP0392,2026/06/01,20 ,20 ,0 ,18 
AT03025,EMP0392,2026/07/01,22 ,21 ,1 ,8 
AT03026,EMP0392,2026/08/01,20 ,19 ,1 ,2 
AT03027,EMP0393,2026/01/01,22 ,20 ,2 ,13 
AT03028,EMP0393,2026/02/01,23 ,21 ,2 ,0 
AT03029,EMP0393,2026/03/01,21 ,21 ,0 ,7 
AT03030,EMP0393,2026/04/01,21 ,21 ,0 ,9 
AT03031,EMP0393,2026/05/01,21 ,21 ,0 ,6 
AT03032,EMP0393,2026/06/01,23 ,21 ,2 ,8 
AT03033,EMP0393,2026/07/01,22 ,20 ,2 ,10 
AT03034,EMP0393,2026/08/01,21 ,20 ,1 ,10 
AT03035,EMP0394,2026/01/01,21 ,20 ,1 ,17 
AT03036,EMP0394,2026/02/01,23 ,21 ,2 ,1 
AT03037,EMP0394,2026/03/01,21 ,20 ,1 ,9 
AT03038,EMP0394,2026/04/01,20 ,20 ,0 ,15 
AT03039,EMP0394,2026/05/01,20 ,17 ,3 ,27 
AT03040,EMP0394,2026/06/01,21 ,18 ,3 ,0 
AT03041,EMP0394,2026/07/01,21 ,18 ,3 ,11 
AT03042,EMP0394,2026/08/01,21 ,20 ,1 ,6 
AT03043,EMP0395,2026/01/01,22 ,20 ,2 ,0 
AT03044,EMP0395,2026/02/01,23 ,22 ,1 ,22 
AT03045,EMP0395,2026/03/01,21 ,21 ,0 ,15 
AT03046,EMP0395,2026/04/01,21 ,18 ,3 ,16 
AT03047,EMP0395,2026/05/01,23 ,21 ,2 ,14 
AT03048,EMP0395,2026/06/01,22 ,22 ,0 ,21 
AT03049,EMP0395,2026/07/01,21 ,21 ,0 ,12 
AT03050,EMP0395,2026/08/01,21 ,20 ,1 ,14 
AT03051,EMP0396,2026/01/01,22 ,20 ,2 ,3 
AT03052,EMP0396,2026/02/01,22 ,21 ,1 ,12 
AT03053,EMP0396,2026/03/01,22 ,22 ,0 ,0 
AT03054,EMP0396,2026/04/01,22 ,21 ,1 ,29 
AT03055,EMP0396,2026/05/01,22 ,21 ,1 ,12 
AT03056,EMP0396,2026/06/01,22 ,20 ,2 ,15 
AT03057,EMP0396,2026/07/01,22 ,21 ,1 ,20 
AT03058,EMP0396,2026/08/01,20 ,19 ,1 ,1 
AT03059,EMP0398,2026/01/01,22 ,21 ,1 ,8 
AT03060,EMP0398,2026/02/01,22 ,17 ,5 ,9 
AT03061,EMP0398,2026/03/01,23 ,21 ,2 ,7 
AT03062,EMP0398,2026/04/01,23 ,22 ,1 ,20 
AT03063,EMP0398,2026/05/01,22 ,22 ,0 ,15 
AT03064,EMP0398,2026/06/01,21 ,20 ,1 ,16 
AT03065,EMP0398,2026/07/01,21 ,20 ,1 ,6 
AT03066,EMP0398,2026/08/01,21 ,21 ,0 ,0 
AT03067,EMP0399,2026/01/01,23 ,20 ,3 ,2 
AT03068,EMP0399,2026/02/01,23 ,22 ,1 ,14 
AT03069,EMP0399,2026/03/01,21 ,18 ,3 ,3 
AT03070,EMP0399,2026/04/01,23 ,22 ,1 ,0 
AT03071,EMP0399,2026/05/01,20 ,20 ,0 ,3 
AT03072,EMP0399,2026/06/01,22 ,22 ,0 ,18 
AT03073,EMP0399,2026/07/01,23 ,22 ,1 ,7 
AT03074,EMP0399,2026/08/01,21 ,20 ,1 ,0 
AT03075,EMP0400,2026/01/01,20 ,20 ,0 ,11 
AT03076,EMP0400,2026/02/01,22 ,21 ,1 ,9 
AT03077,EMP0400,2026/03/01,22 ,18 ,4 ,3 
AT03078,EMP0400,2026/04/01,22 ,20 ,2 ,8 
AT03079,EMP0400,2026/05/01,23 ,21 ,2 ,10 
AT03080,EMP0400,2026/06/01,23 ,21 ,2 ,18 
AT03081,EMP0400,2026/07/01,20 ,19 ,1 ,11 
AT03082,EMP0400,2026/08/01,22 ,22 ,0 ,11 
AT03083,EMP0401,2026/01/01,22 ,21 ,1 ,12 
AT03084,EMP0401,2026/02/01,23 ,22 ,1 ,0 
AT03085,EMP0401,2026/03/01,22 ,22 ,0 ,14 
AT03086,EMP0401,2026/04/01,21 ,19 ,2 ,11 
AT03087,EMP0401,2026/05/01,21 ,20 ,1 ,10 
AT03088,EMP0401,2026/06/01,20 ,18 ,2 ,26 
AT03089,EMP0401,2026/07/01,20 ,19 ,1 ,11 
AT03090,EMP0401,2026/08/01,21 ,21 ,0 ,0 
AT03091,EMP0402,2026/01/01,23 ,23 ,0 ,12 
AT03092,EMP0402,2026/02/01,20 ,20 ,0 ,18 
AT03093,EMP0402,2026/03/01,22 ,20 ,2 ,0 
AT03094,EMP0402,2026/04/01,20 ,18 ,2 ,20 
AT03095,EMP0402,2026/05/01,20 ,20 ,0 ,14 
AT03096,EMP0402,2026/06/01,21 ,18 ,3 ,23 
AT03097,EMP0402,2026/07/01,23 ,20 ,3 ,3 
AT03098,EMP0402,2026/08/01,22 ,22 ,0 ,2 
AT03099,EMP0403,2026/01/01,20 ,20 ,0 ,5 
AT03100,EMP0403,2026/02/01,20 ,20 ,0 ,24 
AT03101,EMP0403,2026/03/01,22 ,20 ,2 ,5 
AT03102,EMP0403,2026/04/01,21 ,21 ,0 ,8 
AT03103,EMP0403,2026/05/01,23 ,22 ,1 ,0 
AT03104,EMP0403,2026/06/01,23 ,21 ,2 ,8 
AT03105,EMP0403,2026/07/01,21 ,19 ,2 ,12 
AT03106,EMP0403,2026/08/01,21 ,20 ,1 ,19 
AT03107,EMP0404,2026/01/01,22 ,20 ,2 ,6 
AT03108,EMP0404,2026/02/01,21 ,20 ,1 ,3 
AT03109,EMP0404,2026/03/01,23 ,21 ,2 ,20 
AT03110,EMP0404,2026/04/01,20 ,19 ,1 ,7 
AT03111,EMP0404,2026/05/01,23 ,22 ,1 ,15 
AT03112,EMP0404,2026/06/01,21 ,19 ,2 ,19 
AT03113,EMP0404,2026/07/01,23 ,22 ,1 ,7 
AT03114,EMP0404,2026/08/01,21 ,19 ,2 ,6 
AT03115,EMP0405,2026/01/01,23 ,23 ,0 ,0 
AT03116,EMP0405,2026/02/01,21 ,17 ,4 ,24 
AT03117,EMP0405,2026/03/01,20 ,18 ,2 ,11 
AT03118,EMP0405,2026/04/01,21 ,20 ,1 ,13 
AT03119,EMP0405,2026/05/01,21 ,18 ,3 ,10 
AT03120,EMP0405,2026/06/01,20 ,19 ,1 ,13 
AT03121,EMP0405,2026/07/01,23 ,22 ,1 ,16 
AT03122,EMP0405,2026/08/01,22 ,22 ,0 ,7 
AT03123,EMP0406,2026/01/01,22 ,22 ,0 ,8 
AT03124,EMP0406,2026/02/01,23 ,23 ,0 ,8 
AT03125,EMP0406,2026/03/01,20 ,20 ,0 ,15 
AT03126,EMP0406,2026/04/01,23 ,23 ,0 ,18 
AT03127,EMP0406,2026/05/01,20 ,19 ,1 ,6 
AT03128,EMP0406,2026/06/01,23 ,22 ,1 ,0 
AT03129,EMP0406,2026/07/01,20 ,20 ,0 ,0 
AT03130,EMP0406,2026/08/01,21 ,21 ,0 ,0 
AT03131,EMP0407,2026/01/01,20 ,17 ,3 ,13 
AT03132,EMP0407,2026/02/01,21 ,21 ,0 ,7 
AT03133,EMP0407,2026/03/01,20 ,16 ,4 ,28 
AT03134,EMP0407,2026/04/01,21 ,21 ,0 ,9 
AT03135,EMP0407,2026/05/01,21 ,18 ,3 ,12 
AT03136,EMP0407,2026/06/01,22 ,20 ,2 ,21 
AT03137,EMP0407,2026/07/01,23 ,21 ,2 ,2 
AT03138,EMP0407,2026/08/01,23 ,23 ,0 ,0 
AT03139,EMP0408,2026/01/01,21 ,16 ,5 ,4 
AT03140,EMP0408,2026/02/01,20 ,20 ,0 ,10 
AT03141,EMP0408,2026/03/01,20 ,15 ,5 ,17 
AT03142,EMP0408,2026/04/01,20 ,19 ,1 ,23 
AT03143,EMP0408,2026/05/01,23 ,21 ,2 ,2 
AT03144,EMP0408,2026/06/01,23 ,22 ,1 ,13 
AT03145,EMP0408,2026/07/01,20 ,20 ,0 ,18 
AT03146,EMP0408,2026/08/01,23 ,22 ,1 ,7 
AT03147,EMP0409,2026/01/01,20 ,19 ,1 ,16 
AT03148,EMP0409,2026/02/01,21 ,20 ,1 ,17 
AT03149,EMP0409,2026/03/01,23 ,23 ,0 ,4 
AT03150,EMP0409,2026/04/01,23 ,23 ,0 ,17 
AT03151,EMP0409,2026/05/01,22 ,21 ,1 ,12 
AT03152,EMP0409,2026/06/01,21 ,21 ,0 ,22 
AT03153,EMP0409,2026/07/01,20 ,19 ,1 ,8 
AT03154,EMP0409,2026/08/01,22 ,22 ,0 ,10 
AT03155,EMP0410,2026/01/01,21 ,18 ,3 ,0 
AT03156,EMP0410,2026/02/01,23 ,18 ,5 ,0 
AT03157,EMP0410,2026/03/01,23 ,22 ,1 ,19 
AT03158,EMP0410,2026/04/01,21 ,20 ,1 ,4 
AT03159,EMP0410,2026/05/01,20 ,19 ,1 ,6 
AT03160,EMP0410,2026/06/01,21 ,20 ,1 ,4 
AT03161,EMP0410,2026/07/01,20 ,20 ,0 ,0 
AT03162,EMP0410,2026/08/01,20 ,20 ,0 ,11 
AT03163,EMP0411,2026/01/01,21 ,20 ,1 ,13 
AT03164,EMP0411,2026/02/01,23 ,22 ,1 ,3 
AT03165,EMP0411,2026/03/01,23 ,23 ,0 ,0 
AT03166,EMP0411,2026/04/01,20 ,19 ,1 ,6 
AT03167,EMP0411,2026/05/01,23 ,21 ,2 ,5 
AT03168,EMP0411,2026/06/01,22 ,22 ,0 ,0 
AT03169,EMP0411,2026/07/01,20 ,19 ,1 ,14 
AT03170,EMP0411,2026/08/01,23 ,20 ,3 ,12 
AT03171,EMP0412,2026/01/01,23 ,21 ,2 ,5 
AT03172,EMP0412,2026/02/01,20 ,18 ,2 ,4 
AT03173,EMP0412,2026/03/01,21 ,20 ,1 ,7 
AT03174,EMP0412,2026/04/01,23 ,22 ,1 ,8 
AT03175,EMP0412,2026/05/01,22 ,20 ,2 ,8 
AT03176,EMP0412,2026/06/01,21 ,20 ,1 ,16 
AT03177,EMP0412,2026/07/01,20 ,19 ,1 ,1 
AT03178,EMP0412,2026/08/01,20 ,16 ,4 ,2 
AT03179,EMP0413,2026/01/01,20 ,20 ,0 ,4 
AT03180,EMP0413,2026/02/01,23 ,22 ,1 ,3 
AT03181,EMP0413,2026/03/01,23 ,23 ,0 ,6 
AT03182,EMP0413,2026/04/01,20 ,20 ,0 ,16 
AT03183,EMP0413,2026/05/01,20 ,17 ,3 ,8 
AT03184,EMP0413,2026/06/01,21 ,19 ,2 ,1 
AT03185,EMP0413,2026/07/01,21 ,16 ,5 ,18 
AT03186,EMP0413,2026/08/01,23 ,22 ,1 ,18 
AT03187,EMP0414,2026/01/01,23 ,20 ,3 ,19 
AT03188,EMP0414,2026/02/01,23 ,21 ,2 ,4 
AT03189,EMP0414,2026/03/01,20 ,18 ,2 ,15 
AT03190,EMP0414,2026/04/01,23 ,22 ,1 ,7 
AT03191,EMP0414,2026/05/01,20 ,19 ,1 ,3 
AT03192,EMP0414,2026/06/01,22 ,22 ,0 ,11 
AT03193,EMP0414,2026/07/01,21 ,21 ,0 ,0 
AT03194,EMP0414,2026/08/01,23 ,21 ,2 ,22 
AT03195,EMP0415,2026/01/01,22 ,19 ,3 ,6 
AT03196,EMP0415,2026/02/01,22 ,20 ,2 ,11 
AT03197,EMP0415,2026/03/01,22 ,22 ,0 ,6 
AT03198,EMP0415,2026/04/01,21 ,21 ,0 ,2 
AT03199,EMP0415,2026/05/01,21 ,20 ,1 ,6 
AT03200,EMP0415,2026/06/01,20 ,19 ,1 ,27 
AT03201,EMP0415,2026/07/01,21 ,20 ,1 ,4 
AT03202,EMP0415,2026/08/01,23 ,23 ,0 ,10 
AT03203,EMP0416,2026/01/01,21 ,19 ,2 ,3 
AT03204,EMP0416,2026/02/01,22 ,22 ,0 ,10 
AT03205,EMP0416,2026/03/01,23 ,19 ,4 ,7 
AT03206,EMP0416,2026/04/01,22 ,21 ,1 ,0 
AT03207,EMP0416,2026/05/01,22 ,21 ,1 ,10 
AT03208,EMP0416,2026/06/01,23 ,22 ,1 ,5 
AT03209,EMP0416,2026/07/01,20 ,18 ,2 ,5 
AT03210,EMP0416,2026/08/01,20 ,18 ,2 ,10 
AT03211,EMP0417,2026/01/01,23 ,23 ,0 ,0 
AT03212,EMP0417,2026/02/01,21 ,21 ,0 ,15 
AT03213,EMP0417,2026/03/01,23 ,21 ,2 ,6 
AT03214,EMP0417,2026/04/01,22 ,21 ,1 ,13 
AT03215,EMP0417,2026/05/01,21 ,19 ,2 ,0 
AT03216,EMP0417,2026/06/01,22 ,21 ,1 ,11 
AT03217,EMP0417,2026/07/01,21 ,20 ,1 ,12 
AT03218,EMP0417,2026/08/01,20 ,18 ,2 ,8 
AT03219,EMP0418,2026/01/01,22 ,22 ,0 ,12 
AT03220,EMP0418,2026/02/01,20 ,18 ,2 ,18 
AT03221,EMP0418,2026/03/01,21 ,21 ,0 ,23 
AT03222,EMP0418,2026/04/01,23 ,23 ,0 ,12 
AT03223,EMP0418,2026/05/01,21 ,18 ,3 ,21 
AT03224,EMP0418,2026/06/01,23 ,23 ,0 ,19 
AT03225,EMP0418,2026/07/01,21 ,21 ,0 ,18 
AT03226,EMP0418,2026/08/01,21 ,20 ,1 ,18 
AT03227,EMP0419,2026/01/01,20 ,18 ,2 ,14 
AT03228,EMP0419,2026/02/01,20 ,18 ,2 ,0 
AT03229,EMP0419,2026/03/01,23 ,21 ,2 ,9 
AT03230,EMP0419,2026/04/01,21 ,19 ,2 ,6 
AT03231,EMP0419,2026/05/01,23 ,23 ,0 ,21 
AT03232,EMP0419,2026/06/01,22 ,21 ,1 ,16 
AT03233,EMP0419,2026/07/01,21 ,19 ,2 ,4 
AT03234,EMP0419,2026/08/01,23 ,21 ,2 ,9 
AT03235,EMP0420,2026/01/01,23 ,23 ,0 ,3 
AT03236,EMP0420,2026/02/01,22 ,21 ,1 ,8 
AT03237,EMP0420,2026/03/01,21 ,21 ,0 ,0 
AT03238,EMP0420,2026/04/01,21 ,19 ,2 ,12 
AT03239,EMP0420,2026/05/01,21 ,21 ,0 ,9 
AT03240,EMP0420,2026/06/01,20 ,20 ,0 ,24 
AT03241,EMP0420,2026/07/01,20 ,19 ,1 ,33 
AT03242,EMP0420,2026/08/01,23 ,22 ,1 ,9 
AT03243,EMP0421,2026/01/01,20 ,19 ,1 ,0 
AT03244,EMP0421,2026/02/01,23 ,23 ,0 ,22 
AT03245,EMP0421,2026/03/01,21 ,16 ,5 ,10 
AT03246,EMP0421,2026/04/01,23 ,21 ,2 ,5 
AT03247,EMP0421,2026/05/01,21 ,20 ,1 ,7 
AT03248,EMP0421,2026/06/01,21 ,20 ,1 ,14 
AT03249,EMP0421,2026/07/01,22 ,22 ,0 ,5 
AT03250,EMP0421,2026/08/01,23 ,22 ,1 ,19 
AT03251,EMP0422,2026/01/01,21 ,18 ,3 ,0 
AT03252,EMP0422,2026/02/01,21 ,19 ,2 ,11 
AT03253,EMP0422,2026/03/01,21 ,21 ,0 ,24 
AT03254,EMP0422,2026/04/01,20 ,18 ,2 ,20 
AT03255,EMP0422,2026/05/01,22 ,22 ,0 ,3 
AT03256,EMP0422,2026/06/01,23 ,20 ,3 ,35 
AT03257,EMP0422,2026/07/01,22 ,19 ,3 ,27 
AT03258,EMP0422,2026/08/01,20 ,19 ,1 ,7 
AT03259,EMP0423,2026/01/01,20 ,20 ,0 ,8 
AT03260,EMP0423,2026/02/01,20 ,20 ,0 ,27 
AT03261,EMP0423,2026/03/01,20 ,19 ,1 ,0 
AT03262,EMP0423,2026/04/01,22 ,21 ,1 ,13 
AT03263,EMP0423,2026/05/01,21 ,19 ,2 ,10 
AT03264,EMP0423,2026/06/01,23 ,22 ,1 ,15 
AT03265,EMP0423,2026/07/01,21 ,19 ,2 ,6 
AT03266,EMP0423,2026/08/01,23 ,21 ,2 ,15 
AT03267,EMP0424,2026/01/01,23 ,22 ,1 ,10 
AT03268,EMP0424,2026/02/01,20 ,19 ,1 ,11 
AT03269,EMP0424,2026/03/01,22 ,22 ,0 ,0 
AT03270,EMP0424,2026/04/01,22 ,22 ,0 ,5 
AT03271,EMP0424,2026/05/01,22 ,21 ,1 ,11 
AT03272,EMP0424,2026/06/01,22 ,18 ,4 ,10 
AT03273,EMP0424,2026/07/01,22 ,19 ,3 ,3 
AT03274,EMP0424,2026/08/01,20 ,20 ,0 ,0 
AT03275,EMP0425,2026/01/01,23 ,23 ,0 ,9 
AT03276,EMP0425,2026/02/01,22 ,21 ,1 ,0 
AT03277,EMP0425,2026/03/01,21 ,20 ,1 ,14 
AT03278,EMP0425,2026/04/01,20 ,19 ,1 ,26 
AT03279,EMP0425,2026/05/01,21 ,20 ,1 ,3 
AT03280,EMP0425,2026/06/01,20 ,19 ,1 ,16 
AT03281,EMP0425,2026/07/01,22 ,22 ,0 ,0 
AT03282,EMP0425,2026/08/01,20 ,20 ,0 ,5 
AT03283,EMP0426,2026/01/01,23 ,21 ,2 ,3 
AT03284,EMP0426,2026/02/01,23 ,22 ,1 ,19 
AT03285,EMP0426,2026/03/01,23 ,23 ,0 ,1 
AT03286,EMP0426,2026/04/01,21 ,21 ,0 ,0 
AT03287,EMP0426,2026/05/01,21 ,21 ,0 ,13 
AT03288,EMP0426,2026/06/01,20 ,17 ,3 ,10 
AT03289,EMP0426,2026/07/01,22 ,22 ,0 ,15 
AT03290,EMP0426,2026/08/01,22 ,20 ,2 ,14 
AT03291,EMP0427,2026/01/01,21 ,21 ,0 ,11 
AT03292,EMP0427,2026/02/01,22 ,21 ,1 ,4 
AT03293,EMP0427,2026/03/01,23 ,22 ,1 ,9 
AT03294,EMP0427,2026/04/01,23 ,23 ,0 ,1 
AT03295,EMP0427,2026/05/01,22 ,19 ,3 ,8 
AT03296,EMP0427,2026/06/01,20 ,20 ,0 ,16 
AT03297,EMP0427,2026/07/01,21 ,21 ,0 ,14 
AT03298,EMP0427,2026/08/01,20 ,18 ,2 ,12 
AT03299,EMP0428,2026/01/01,23 ,21 ,2 ,11 
AT03300,EMP0428,2026/02/01,22 ,22 ,0 ,19 
AT03301,EMP0428,2026/03/01,20 ,19 ,1 ,7 
AT03302,EMP0428,2026/04/01,23 ,23 ,0 ,8 
AT03303,EMP0428,2026/05/01,20 ,18 ,2 ,15 
AT03304,EMP0428,2026/06/01,23 ,21 ,2 ,7 
AT03305,EMP0428,2026/07/01,23 ,21 ,2 ,16 
AT03306,EMP0428,2026/08/01,21 ,21 ,0 ,9 
AT03307,EMP0429,2026/01/01,22 ,21 ,1 ,13 
AT03308,EMP0429,2026/02/01,23 ,22 ,1 ,4 
AT03309,EMP0429,2026/03/01,22 ,19 ,3 ,3 
AT03310,EMP0429,2026/04/01,21 ,20 ,1 ,15 
AT03311,EMP0429,2026/05/01,22 ,21 ,1 ,11 
AT03312,EMP0429,2026/06/01,22 ,22 ,0 ,13 
AT03313,EMP0429,2026/07/01,20 ,20 ,0 ,1 
AT03314,EMP0429,2026/08/01,21 ,19 ,2 ,1 
AT03315,EMP0430,2026/01/01,21 ,21 ,0 ,11 
AT03316,EMP0430,2026/02/01,23 ,22 ,1 ,8 
AT03317,EMP0430,2026/03/01,20 ,20 ,0 ,12 
AT03318,EMP0430,2026/04/01,22 ,20 ,2 ,18 
AT03319,EMP0430,2026/05/01,20 ,18 ,2 ,3 
AT03320,EMP0430,2026/06/01,20 ,19 ,1 ,5 
AT03321,EMP0430,2026/07/01,22 ,20 ,2 ,6 
AT03322,EMP0430,2026/08/01,23 ,22 ,1 ,7 
AT03323,EMP0431,2026/01/01,23 ,19 ,4 ,16 
AT03324,EMP0431,2026/02/01,20 ,20 ,0 ,0 
AT03325,EMP0431,2026/03/01,22 ,21 ,1 ,23 
AT03326,EMP0431,2026/04/01,20 ,19 ,1 ,7 
AT03327,EMP0431,2026/05/01,21 ,19 ,2 ,10 
AT03328,EMP0431,2026/06/01,20 ,19 ,1 ,23 
AT03329,EMP0431,2026/07/01,22 ,21 ,1 ,10 
AT03330,EMP0431,2026/08/01,22 ,19 ,3 ,4 
AT03331,EMP0432,2026/01/01,23 ,21 ,2 ,14 
AT03332,EMP0432,2026/02/01,20 ,20 ,0 ,10 
AT03333,EMP0432,2026/03/01,21 ,21 ,0 ,2 
AT03334,EMP0432,2026/04/01,21 ,18 ,3 ,2 
AT03335,EMP0432,2026/05/01,21 ,18 ,3 ,14 
AT03336,EMP0432,2026/06/01,20 ,19 ,1 ,22 
AT03337,EMP0432,2026/07/01,22 ,22 ,0 ,19 
AT03338,EMP0432,2026/08/01,22 ,21 ,1 ,2 
AT03339,EMP0433,2026/01/01,20 ,19 ,1 ,6 
AT03340,EMP0433,2026/02/01,22 ,19 ,3 ,11 
AT03341,EMP0433,2026/03/01,20 ,19 ,1 ,9 
AT03342,EMP0433,2026/04/01,20 ,15 ,5 ,8 
AT03343,EMP0433,2026/05/01,21 ,19 ,2 ,17 
AT03344,EMP0433,2026/06/01,20 ,20 ,0 ,9 
AT03345,EMP0433,2026/07/01,22 ,22 ,0 ,0 
AT03346,EMP0433,2026/08/01,22 ,20 ,2 ,15 
AT03347,EMP0434,2026/01/01,21 ,20 ,1 ,11 
AT03348,EMP0434,2026/02/01,22 ,21 ,1 ,12 
AT03349,EMP0434,2026/03/01,22 ,20 ,2 ,7 
AT03350,EMP0434,2026/04/01,22 ,21 ,1 ,2 
AT03351,EMP0434,2026/05/01,23 ,22 ,1 ,11 
AT03352,EMP0434,2026/06/01,22 ,19 ,3 ,13 
AT03353,EMP0434,2026/07/01,21 ,21 ,0 ,10 
AT03354,EMP0434,2026/08/01,23 ,22 ,1 ,6 
AT03355,EMP0435,2026/01/01,22 ,20 ,2 ,8 
AT03356,EMP0435,2026/02/01,21 ,18 ,3 ,5 
AT03357,EMP0435,2026/03/01,22 ,20 ,2 ,4 
AT03358,EMP0435,2026/04/01,23 ,22 ,1 ,1 
AT03359,EMP0435,2026/05/01,21 ,18 ,3 ,12 
AT03360,EMP0435,2026/06/01,21 ,19 ,2 ,16 
AT03361,EMP0435,2026/07/01,20 ,20 ,0 ,11 
AT03362,EMP0435,2026/08/01,23 ,23 ,0 ,10 
AT03363,EMP0436,2026/01/01,20 ,18 ,2 ,2 
AT03364,EMP0436,2026/02/01,21 ,21 ,0 ,3 
AT03365,EMP0436,2026/03/01,22 ,20 ,2 ,0 
AT03366,EMP0436,2026/04/01,21 ,21 ,0 ,11 
AT03367,EMP0436,2026/05/01,20 ,18 ,2 ,5 
AT03368,EMP0436,2026/06/01,20 ,20 ,0 ,0 
AT03369,EMP0436,2026/07/01,21 ,18 ,3 ,10 
AT03370,EMP0436,2026/08/01,22 ,19 ,3 ,17 
AT03371,EMP0437,2026/01/01,22 ,21 ,1 ,18 
AT03372,EMP0437,2026/02/01,22 ,22 ,0 ,7 
AT03373,EMP0437,2026/03/01,21 ,20 ,1 ,4 
AT03374,EMP0437,2026/04/01,23 ,21 ,2 ,1 
AT03375,EMP0437,2026/05/01,21 ,20 ,1 ,13 
AT03376,EMP0437,2026/06/01,22 ,22 ,0 ,7 
AT03377,EMP0437,2026/07/01,20 ,18 ,2 ,10 
AT03378,EMP0437,2026/08/01,23 ,23 ,0 ,19 
AT03379,EMP0438,2026/01/01,20 ,20 ,0 ,12 
AT03380,EMP0438,2026/02/01,23 ,23 ,0 ,22 
AT03381,EMP0438,2026/03/01,22 ,21 ,1 ,7 
AT03382,EMP0438,2026/04/01,21 ,18 ,3 ,10 
AT03383,EMP0438,2026/05/01,20 ,19 ,1 ,4 
AT03384,EMP0438,2026/06/01,23 ,23 ,0 ,3 
AT03385,EMP0438,2026/07/01,22 ,22 ,0 ,14 
AT03386,EMP0438,2026/08/01,22 ,21 ,1 ,16 
AT03387,EMP0439,2026/01/01,20 ,19 ,1 ,8 
AT03388,EMP0439,2026/02/01,20 ,19 ,1 ,12 
AT03389,EMP0439,2026/03/01,21 ,19 ,2 ,18 
AT03390,EMP0439,2026/04/01,20 ,19 ,1 ,14 
AT03391,EMP0439,2026/05/01,20 ,19 ,1 ,13 
AT03392,EMP0439,2026/06/01,21 ,19 ,2 ,10 
AT03393,EMP0439,2026/07/01,22 ,20 ,2 ,0 
AT03394,EMP0439,2026/08/01,23 ,23 ,0 ,11 
AT03395,EMP0440,2026/01/01,20 ,17 ,3 ,7 
AT03396,EMP0440,2026/02/01,20 ,20 ,0 ,18 
AT03397,EMP0440,2026/03/01,23 ,22 ,1 ,9 
AT03398,EMP0440,2026/04/01,22 ,21 ,1 ,10 
AT03399,EMP0440,2026/05/01,23 ,21 ,2 ,24 
AT03400,EMP0440,2026/06/01,23 ,23 ,0 ,20 
AT03401,EMP0440,2026/07/01,21 ,19 ,2 ,3 
AT03402,EMP0440,2026/08/01,20 ,20 ,0 ,0 
AT03403,EMP0441,2026/01/01,22 ,19 ,3 ,14 
AT03404,EMP0441,2026/02/01,21 ,19 ,2 ,7 
AT03405,EMP0441,2026/03/01,23 ,20 ,3 ,10 
AT03406,EMP0441,2026/04/01,23 ,23 ,0 ,11 
AT03407,EMP0441,2026/05/01,23 ,20 ,3 ,15 
AT03408,EMP0441,2026/06/01,20 ,19 ,1 ,3 
AT03409,EMP0441,2026/07/01,22 ,22 ,0 ,7 
AT03410,EMP0441,2026/08/01,23 ,21 ,2 ,14 
AT03411,EMP0442,2026/01/01,23 ,21 ,2 ,4 
AT03412,EMP0442,2026/02/01,21 ,20 ,1 ,0 
AT03413,EMP0442,2026/03/01,23 ,22 ,1 ,5 
AT03414,EMP0442,2026/04/01,23 ,21 ,2 ,4 
AT03415,EMP0442,2026/05/01,20 ,20 ,0 ,10 
AT03416,EMP0442,2026/06/01,23 ,23 ,0 ,1 
AT03417,EMP0442,2026/07/01,21 ,18 ,3 ,2 
AT03418,EMP0442,2026/08/01,23 ,21 ,2 ,12 
AT03419,EMP0443,2026/01/01,23 ,23 ,0 ,6 
AT03420,EMP0443,2026/02/01,23 ,21 ,2 ,8 
AT03421,EMP0443,2026/03/01,21 ,20 ,1 ,3 
AT03422,EMP0443,2026/04/01,23 ,23 ,0 ,8 
AT03423,EMP0443,2026/05/01,23 ,21 ,2 ,1 
AT03424,EMP0443,2026/06/01,21 ,20 ,1 ,13 
AT03425,EMP0443,2026/07/01,23 ,20 ,3 ,18 
AT03426,EMP0443,2026/08/01,23 ,19 ,4 ,4 
AT03427,EMP0444,2026/01/01,21 ,18 ,3 ,0 
AT03428,EMP0444,2026/02/01,21 ,20 ,1 ,15 
AT03429,EMP0444,2026/03/01,21 ,20 ,1 ,16 
AT03430,EMP0444,2026/04/01,21 ,20 ,1 ,19 
AT03431,EMP0444,2026/05/01,21 ,21 ,0 ,17 
AT03432,EMP0444,2026/06/01,23 ,22 ,1 ,21 
AT03433,EMP0444,2026/07/01,23 ,21 ,2 ,6 
AT03434,EMP0444,2026/08/01,22 ,21 ,1 ,12 
AT03435,EMP0445,2026/01/01,22 ,18 ,4 ,0 
AT03436,EMP0445,2026/02/01,21 ,21 ,0 ,22 
AT03437,EMP0445,2026/03/01,20 ,19 ,1 ,15 
AT03438,EMP0445,2026/04/01,20 ,19 ,1 ,19 
AT03439,EMP0445,2026/05/01,23 ,20 ,3 ,4 
AT03440,EMP0445,2026/06/01,21 ,20 ,1 ,29 
AT03441,EMP0445,2026/07/01,20 ,18 ,2 ,20 
AT03442,EMP0445,2026/08/01,22 ,20 ,2 ,11 
AT03443,EMP0446,2026/01/01,20 ,19 ,1 ,4 
AT03444,EMP0446,2026/02/01,21 ,19 ,2 ,13 
AT03445,EMP0446,2026/03/01,20 ,18 ,2 ,15 
AT03446,EMP0446,2026/04/01,20 ,18 ,2 ,13 
AT03447,EMP0446,2026/05/01,22 ,20 ,2 ,10 
AT03448,EMP0446,2026/06/01,22 ,22 ,0 ,17 
AT03449,EMP0446,2026/07/01,22 ,20 ,2 ,7 
AT03450,EMP0446,2026/08/01,20 ,19 ,1 ,1 
AT03451,EMP0447,2026/01/01,21 ,20 ,1 ,20 
AT03452,EMP0447,2026/02/01,23 ,23 ,0 ,4 
AT03453,EMP0447,2026/03/01,21 ,19 ,2 ,16 
AT03454,EMP0447,2026/04/01,21 ,20 ,1 ,10 
AT03455,EMP0447,2026/05/01,20 ,18 ,2 ,8 
AT03456,EMP0447,2026/06/01,22 ,21 ,1 ,0 
AT03457,EMP0447,2026/07/01,21 ,20 ,1 ,13 
AT03458,EMP0447,2026/08/01,22 ,20 ,2 ,16 
AT03459,EMP0448,2026/01/01,23 ,20 ,3 ,1 
AT03460,EMP0448,2026/02/01,20 ,20 ,0 ,0 
AT03461,EMP0448,2026/03/01,23 ,23 ,0 ,16 
AT03462,EMP0448,2026/04/01,21 ,18 ,3 ,20 
AT03463,EMP0448,2026/05/01,20 ,20 ,0 ,0 
AT03464,EMP0448,2026/06/01,22 ,21 ,1 ,9 
AT03465,EMP0448,2026/07/01,23 ,23 ,0 ,25 
AT03466,EMP0448,2026/08/01,23 ,23 ,0 ,5 
AT03467,EMP0449,2026/01/01,23 ,22 ,1 ,15 
AT03468,EMP0449,2026/02/01,23 ,23 ,0 ,6 
AT03469,EMP0449,2026/03/01,20 ,20 ,0 ,6 
AT03470,EMP0449,2026/04/01,20 ,19 ,1 ,9 
AT03471,EMP0449,2026/05/01,23 ,22 ,1 ,18 
AT03472,EMP0449,2026/06/01,20 ,19 ,1 ,32 
AT03473,EMP0449,2026/07/01,23 ,21 ,2 ,0 
AT03474,EMP0449,2026/08/01,21 ,20 ,1 ,4 
AT03475,EMP0450,2026/01/01,22 ,20 ,2 ,11 
AT03476,EMP0450,2026/02/01,20 ,18 ,2 ,12 
AT03477,EMP0450,2026/03/01,21 ,19 ,2 ,14 
AT03478,EMP0450,2026/04/01,20 ,19 ,1 ,0 
AT03479,EMP0450,2026/05/01,22 ,20 ,2 ,6 
AT03480,EMP0450,2026/06/01,22 ,21 ,1 ,16 
AT03481,EMP0450,2026/07/01,21 ,19 ,2 ,10 
AT03482,EMP0450,2026/08/01,20 ,19 ,1 ,12 
AT03483,EMP0451,2026/01/01,22 ,21 ,1 ,0 
AT03484,EMP0451,2026/02/01,20 ,19 ,1 ,21 
AT03485,EMP0451,2026/03/01,21 ,17 ,4 ,7 
AT03486,EMP0451,2026/04/01,20 ,19 ,1 ,1 
AT03487,EMP0451,2026/05/01,20 ,19 ,1 ,1 
AT03488,EMP0451,2026/06/01,21 ,20 ,1 ,10 
AT03489,EMP0451,2026/07/01,23 ,22 ,1 ,9 
AT03490,EMP0451,2026/08/01,23 ,22 ,1 ,3 
AT03491,EMP0452,2026/01/01,20 ,17 ,3 ,3 
AT03492,EMP0452,2026/02/01,23 ,23 ,0 ,11 
AT03493,EMP0452,2026/03/01,20 ,19 ,1 ,12 
AT03494,EMP0452,2026/04/01,23 ,21 ,2 ,11 
AT03495,EMP0452,2026/05/01,20 ,19 ,1 ,20 
AT03496,EMP0452,2026/06/01,21 ,21 ,0 ,10 
AT03497,EMP0452,2026/07/01,22 ,22 ,0 ,13 
AT03498,EMP0452,2026/08/01,22 ,22 ,0 ,19 
AT03499,EMP0453,2026/01/01,20 ,18 ,2 ,16 
AT03500,EMP0453,2026/02/01,21 ,20 ,1 ,21 
AT03501,EMP0453,2026/03/01,22 ,21 ,1 ,7 
AT03502,EMP0453,2026/04/01,21 ,21 ,0 ,25 
AT03503,EMP0453,2026/05/01,20 ,19 ,1 ,3 
AT03504,EMP0453,2026/06/01,20 ,19 ,1 ,7 
AT03505,EMP0453,2026/07/01,23 ,22 ,1 ,10 
AT03506,EMP0453,2026/08/01,22 ,19 ,3 ,17 
AT03507,EMP0454,2026/01/01,23 ,18 ,5 ,0 
AT03508,EMP0454,2026/02/01,20 ,19 ,1 ,3 
AT03509,EMP0454,2026/03/01,21 ,21 ,0 ,7 
AT03510,EMP0454,2026/04/01,21 ,18 ,3 ,14 
AT03511,EMP0454,2026/05/01,21 ,20 ,1 ,14 
AT03512,EMP0454,2026/06/01,22 ,21 ,1 ,0 
AT03513,EMP0454,2026/07/01,21 ,20 ,1 ,17 
AT03514,EMP0454,2026/08/01,21 ,20 ,1 ,9 
AT03515,EMP0455,2026/01/01,23 ,21 ,2 ,24 
AT03516,EMP0455,2026/02/01,23 ,22 ,1 ,11 
AT03517,EMP0455,2026/03/01,23 ,23 ,0 ,13 
AT03518,EMP0455,2026/04/01,20 ,19 ,1 ,8 
AT03519,EMP0455,2026/05/01,23 ,22 ,1 ,10 
AT03520,EMP0455,2026/06/01,23 ,21 ,2 ,21 
AT03521,EMP0455,2026/07/01,23 ,20 ,3 ,4 
AT03522,EMP0455,2026/08/01,23 ,19 ,4 ,4 
AT03523,EMP0456,2026/01/01,20 ,16 ,4 ,4 
AT03524,EMP0456,2026/02/01,22 ,22 ,0 ,23 
AT03525,EMP0456,2026/03/01,22 ,20 ,2 ,26 
AT03526,EMP0456,2026/04/01,23 ,22 ,1 ,9 
AT03527,EMP0456,2026/05/01,23 ,23 ,0 ,11 
AT03528,EMP0456,2026/06/01,23 ,22 ,1 ,12 
AT03529,EMP0456,2026/07/01,23 ,21 ,2 ,18 
AT03530,EMP0456,2026/08/01,21 ,17 ,4 ,22 
AT03531,EMP0457,2026/01/01,22 ,22 ,0 ,17 
AT03532,EMP0457,2026/02/01,22 ,19 ,3 ,13 
AT03533,EMP0457,2026/03/01,21 ,20 ,1 ,5 
AT03534,EMP0457,2026/04/01,20 ,19 ,1 ,3 
AT03535,EMP0457,2026/05/01,21 ,18 ,3 ,8 
AT03536,EMP0457,2026/06/01,23 ,22 ,1 ,12 
AT03537,EMP0457,2026/07/01,23 ,20 ,3 ,8 
AT03538,EMP0457,2026/08/01,22 ,22 ,0 ,22 
AT03539,EMP0458,2026/01/01,22 ,20 ,2 ,8 
AT03540,EMP0458,2026/02/01,23 ,23 ,0 ,13 
AT03541,EMP0458,2026/03/01,23 ,22 ,1 ,12 
AT03542,EMP0458,2026/04/01,20 ,19 ,1 ,8 
AT03543,EMP0458,2026/05/01,20 ,19 ,1 ,11 
AT03544,EMP0458,2026/06/01,21 ,21 ,0 ,18 
AT03545,EMP0458,2026/07/01,21 ,20 ,1 ,1 
AT03546,EMP0458,2026/08/01,20 ,19 ,1 ,8 
AT03547,EMP0459,2026/01/01,22 ,20 ,2 ,11 
AT03548,EMP0459,2026/02/01,20 ,20 ,0 ,0 
AT03549,EMP0459,2026/03/01,22 ,22 ,0 ,12 
AT03550,EMP0459,2026/04/01,23 ,21 ,2 ,2 
AT03551,EMP0459,2026/05/01,23 ,22 ,1 ,4 
AT03552,EMP0459,2026/06/01,20 ,18 ,2 ,12 
AT03553,EMP0459,2026/07/01,20 ,20 ,0 ,12 
AT03554,EMP0459,2026/08/01,22 ,20 ,2 ,12 
AT03555,EMP0460,2026/01/01,20 ,19 ,1 ,4 
AT03556,EMP0460,2026/02/01,23 ,23 ,0 ,5 
AT03557,EMP0460,2026/03/01,22 ,21 ,1 ,14 
AT03558,EMP0460,2026/04/01,20 ,18 ,2 ,21 
AT03559,EMP0460,2026/05/01,23 ,20 ,3 ,0 
AT03560,EMP0460,2026/06/01,23 ,20 ,3 ,11 
AT03561,EMP0460,2026/07/01,22 ,20 ,2 ,1 
AT03562,EMP0460,2026/08/01,20 ,19 ,1 ,0 
AT03563,EMP0461,2026/01/01,20 ,18 ,2 ,16 
AT03564,EMP0461,2026/02/01,20 ,20 ,0 ,0 
AT03565,EMP0461,2026/03/01,23 ,23 ,0 ,9 
AT03566,EMP0461,2026/04/01,21 ,20 ,1 ,9 
AT03567,EMP0461,2026/05/01,20 ,20 ,0 ,15 
AT03568,EMP0461,2026/06/01,20 ,18 ,2 ,9 
AT03569,EMP0461,2026/07/01,22 ,22 ,0 ,24 
AT03570,EMP0461,2026/08/01,20 ,19 ,1 ,7 
AT03571,EMP0462,2026/01/01,21 ,19 ,2 ,25 
AT03572,EMP0462,2026/02/01,23 ,21 ,2 ,7 
AT03573,EMP0462,2026/03/01,22 ,22 ,0 ,12 
AT03574,EMP0462,2026/04/01,23 ,22 ,1 ,3 
AT03575,EMP0462,2026/05/01,20 ,19 ,1 ,5 
AT03576,EMP0462,2026/06/01,20 ,19 ,1 ,11 
AT03577,EMP0462,2026/07/01,23 ,22 ,1 ,1 
AT03578,EMP0462,2026/08/01,22 ,21 ,1 ,22 
AT03579,EMP0464,2026/01/01,21 ,19 ,2 ,5 
AT03580,EMP0464,2026/02/01,22 ,20 ,2 ,14 
AT03581,EMP0464,2026/03/01,22 ,20 ,2 ,10 
AT03582,EMP0464,2026/04/01,23 ,23 ,0 ,12 
AT03583,EMP0464,2026/05/01,21 ,20 ,1 ,11 
AT03584,EMP0464,2026/06/01,21 ,20 ,1 ,2 
AT03585,EMP0464,2026/07/01,23 ,21 ,2 ,12 
AT03586,EMP0464,2026/08/01,22 ,22 ,0 ,11 
AT03587,EMP0465,2026/01/01,23 ,23 ,0 ,27 
AT03588,EMP0465,2026/02/01,23 ,23 ,0 ,19 
AT03589,EMP0465,2026/03/01,20 ,20 ,0 ,5 
AT03590,EMP0465,2026/04/01,22 ,21 ,1 ,12 
AT03591,EMP0465,2026/05/01,23 ,23 ,0 ,11 
AT03592,EMP0465,2026/06/01,20 ,20 ,0 ,17 
AT03593,EMP0465,2026/07/01,21 ,21 ,0 ,5 
AT03594,EMP0465,2026/08/01,21 ,19 ,2 ,21 
AT03595,EMP0466,2026/01/01,20 ,19 ,1 ,10 
AT03596,EMP0466,2026/02/01,22 ,19 ,3 ,1 
AT03597,EMP0466,2026/03/01,20 ,19 ,1 ,6 
AT03598,EMP0466,2026/04/01,22 ,22 ,0 ,13 
AT03599,EMP0466,2026/05/01,22 ,21 ,1 ,10 
AT03600,EMP0466,2026/06/01,21 ,20 ,1 ,7 
AT03601,EMP0466,2026/07/01,22 ,22 ,0 ,17 
AT03602,EMP0466,2026/08/01,23 ,22 ,1 ,16 
AT03603,EMP0467,2026/01/01,21 ,18 ,3 ,12 
AT03604,EMP0467,2026/02/01,22 ,20 ,2 ,5 
AT03605,EMP0467,2026/03/01,22 ,19 ,3 ,9 
AT03606,EMP0467,2026/04/01,21 ,21 ,0 ,14 
AT03607,EMP0467,2026/05/01,20 ,18 ,2 ,15 
AT03608,EMP0467,2026/06/01,21 ,19 ,2 ,14 
AT03609,EMP0467,2026/07/01,21 ,20 ,1 ,7 
AT03610,EMP0467,2026/08/01,23 ,20 ,3 ,17 
AT03611,EMP0469,2026/01/01,21 ,21 ,0 ,7 
AT03612,EMP0469,2026/02/01,21 ,20 ,1 ,7 
AT03613,EMP0469,2026/03/01,20 ,19 ,1 ,8 
AT03614,EMP0469,2026/04/01,21 ,19 ,2 ,4 
AT03615,EMP0469,2026/05/01,23 ,20 ,3 ,6 
AT03616,EMP0469,2026/06/01,22 ,21 ,1 ,11 
AT03617,EMP0469,2026/07/01,23 ,22 ,1 ,18 
AT03618,EMP0469,2026/08/01,20 ,20 ,0 ,22 
AT03619,EMP0470,2026/01/01,20 ,18 ,2 ,5 
AT03620,EMP0470,2026/02/01,23 ,23 ,0 ,3 
AT03621,EMP0470,2026/03/01,21 ,20 ,1 ,11 
AT03622,EMP0470,2026/04/01,23 ,22 ,1 ,12 
AT03623,EMP0470,2026/05/01,21 ,19 ,2 ,13 
AT03624,EMP0470,2026/06/01,21 ,20 ,1 ,6 
AT03625,EMP0470,2026/07/01,23 ,22 ,1 ,19 
AT03626,EMP0470,2026/08/01,23 ,22 ,1 ,10 
AT03627,EMP0471,2026/01/01,20 ,19 ,1 ,11 
AT03628,EMP0471,2026/02/01,23 ,20 ,3 ,19 
AT03629,EMP0471,2026/03/01,21 ,21 ,0 ,13 
AT03630,EMP0471,2026/04/01,20 ,17 ,3 ,5 
AT03631,EMP0471,2026/05/01,23 ,19 ,4 ,8 
AT03632,EMP0471,2026/06/01,23 ,23 ,0 ,15 
AT03633,EMP0471,2026/07/01,21 ,19 ,2 ,10 
AT03634,EMP0471,2026/08/01,23 ,22 ,1 ,5 
AT03635,EMP0472,2026/01/01,23 ,22 ,1 ,17 
AT03636,EMP0472,2026/02/01,22 ,22 ,0 ,13 
AT03637,EMP0472,2026/03/01,21 ,20 ,1 ,13 
AT03638,EMP0472,2026/04/01,20 ,18 ,2 ,11 
AT03639,EMP0472,2026/05/01,20 ,19 ,1 ,11 
AT03640,EMP0472,2026/06/01,20 ,18 ,2 ,17 
AT03641,EMP0472,2026/07/01,23 ,22 ,1 ,14 
AT03642,EMP0472,2026/08/01,23 ,23 ,0 ,17 
AT03643,EMP0474,2026/01/01,20 ,19 ,1 ,10 
AT03644,EMP0474,2026/02/01,20 ,18 ,2 ,4 
AT03645,EMP0474,2026/03/01,21 ,20 ,1 ,8 
AT03646,EMP0474,2026/04/01,21 ,19 ,2 ,11 
AT03647,EMP0474,2026/05/01,20 ,20 ,0 ,0 
AT03648,EMP0474,2026/06/01,21 ,20 ,1 ,10 
AT03649,EMP0474,2026/07/01,20 ,18 ,2 ,13 
AT03650,EMP0474,2026/08/01,21 ,20 ,1 ,15 
AT03651,EMP0475,2026/01/01,22 ,21 ,1 ,11 
AT03652,EMP0475,2026/02/01,21 ,20 ,1 ,10 
AT03653,EMP0475,2026/03/01,20 ,18 ,2 ,20 
AT03654,EMP0475,2026/04/01,23 ,22 ,1 ,11 
AT03655,EMP0475,2026/05/01,21 ,21 ,0 ,4 
AT03656,EMP0475,2026/06/01,21 ,20 ,1 ,16 
AT03657,EMP0475,2026/07/01,21 ,18 ,3 ,1 
AT03658,EMP0475,2026/08/01,22 ,20 ,2 ,3 
AT03659,EMP0476,2026/01/01,21 ,20 ,1 ,11 
AT03660,EMP0476,2026/02/01,20 ,19 ,1 ,23 
AT03661,EMP0476,2026/03/01,23 ,23 ,0 ,7 
AT03662,EMP0476,2026/04/01,20 ,19 ,1 ,16 
AT03663,EMP0476,2026/05/01,21 ,19 ,2 ,12 
AT03664,EMP0476,2026/06/01,20 ,20 ,0 ,3 
AT03665,EMP0476,2026/07/01,20 ,17 ,3 ,12 
AT03666,EMP0476,2026/08/01,23 ,22 ,1 ,8 
AT03667,EMP0477,2026/01/01,23 ,22 ,1 ,11 
AT03668,EMP0477,2026/02/01,23 ,22 ,1 ,6 
AT03669,EMP0477,2026/03/01,20 ,19 ,1 ,0 
AT03670,EMP0477,2026/04/01,20 ,16 ,4 ,8 
AT03671,EMP0477,2026/05/01,23 ,22 ,1 ,17 
AT03672,EMP0477,2026/06/01,22 ,21 ,1 ,14 
AT03673,EMP0477,2026/07/01,20 ,19 ,1 ,8 
AT03674,EMP0477,2026/08/01,23 ,21 ,2 ,14 
AT03675,EMP0478,2026/01/01,23 ,23 ,0 ,12 
AT03676,EMP0478,2026/02/01,22 ,20 ,2 ,14 
AT03677,EMP0478,2026/03/01,22 ,22 ,0 ,19 
AT03678,EMP0478,2026/04/01,20 ,20 ,0 ,0 
AT03679,EMP0478,2026/05/01,23 ,23 ,0 ,8 
AT03680,EMP0478,2026/06/01,22 ,20 ,2 ,8 
AT03681,EMP0478,2026/07/01,21 ,21 ,0 ,6 
AT03682,EMP0478,2026/08/01,23 ,22 ,1 ,18 
AT03683,EMP0479,2026/01/01,23 ,23 ,0 ,10 
AT03684,EMP0479,2026/02/01,22 ,19 ,3 ,17 
AT03685,EMP0479,2026/03/01,23 ,22 ,1 ,16 
AT03686,EMP0479,2026/04/01,21 ,20 ,1 ,14 
AT03687,EMP0479,2026/05/01,20 ,19 ,1 ,7 
AT03688,EMP0479,2026/06/01,20 ,20 ,0 ,0 
AT03689,EMP0479,2026/07/01,20 ,18 ,2 ,5 
AT03690,EMP0479,2026/08/01,20 ,20 ,0 ,13 
AT03691,EMP0480,2026/01/01,23 ,23 ,0 ,20 
AT03692,EMP0480,2026/02/01,22 ,21 ,1 ,21 
AT03693,EMP0480,2026/03/01,21 ,21 ,0 ,5 
AT03694,EMP0480,2026/04/01,22 ,19 ,3 ,26 
AT03695,EMP0480,2026/05/01,21 ,21 ,0 ,2 
AT03696,EMP0480,2026/06/01,21 ,20 ,1 ,11 
AT03697,EMP0480,2026/07/01,22 ,21 ,1 ,5 
AT03698,EMP0480,2026/08/01,21 ,18 ,3 ,10 
AT03699,EMP0481,2026/01/01,21 ,16 ,5 ,19 
AT03700,EMP0481,2026/02/01,23 ,22 ,1 ,9 
AT03701,EMP0481,2026/03/01,20 ,19 ,1 ,12 
AT03702,EMP0481,2026/04/01,23 ,23 ,0 ,12 
AT03703,EMP0481,2026/05/01,23 ,23 ,0 ,9 
AT03704,EMP0481,2026/06/01,23 ,23 ,0 ,7 
AT03705,EMP0481,2026/07/01,21 ,18 ,3 ,11 
AT03706,EMP0481,2026/08/01,22 ,19 ,3 ,11 
AT03707,EMP0482,2026/01/01,20 ,20 ,0 ,8 
AT03708,EMP0482,2026/02/01,21 ,21 ,0 ,9 
AT03709,EMP0482,2026/03/01,21 ,20 ,1 ,10 
AT03710,EMP0482,2026/04/01,22 ,22 ,0 ,12 
AT03711,EMP0482,2026/05/01,23 ,23 ,0 ,7 
AT03712,EMP0482,2026/06/01,21 ,19 ,2 ,11 
AT03713,EMP0482,2026/07/01,22 ,22 ,0 ,8 
AT03714,EMP0482,2026/08/01,20 ,19 ,1 ,9 
AT03715,EMP0483,2026/01/01,22 ,21 ,1 ,2 
AT03716,EMP0483,2026/02/01,20 ,18 ,2 ,14 
AT03717,EMP0483,2026/03/01,22 ,21 ,1 ,20 
AT03718,EMP0483,2026/04/01,23 ,22 ,1 ,8 
AT03719,EMP0483,2026/05/01,21 ,20 ,1 ,6 
AT03720,EMP0483,2026/06/01,22 ,21 ,1 ,2 
AT03721,EMP0483,2026/07/01,20 ,18 ,2 ,4 
AT03722,EMP0483,2026/08/01,22 ,22 ,0 ,0 
AT03723,EMP0484,2026/01/01,20 ,18 ,2 ,18 
AT03724,EMP0484,2026/02/01,23 ,22 ,1 ,5 
AT03725,EMP0484,2026/03/01,23 ,20 ,3 ,5 
AT03726,EMP0484,2026/04/01,22 ,22 ,0 ,14 
AT03727,EMP0484,2026/05/01,20 ,19 ,1 ,0 
AT03728,EMP0484,2026/06/01,20 ,17 ,3 ,13 
AT03729,EMP0484,2026/07/01,23 ,21 ,2 ,13 
AT03730,EMP0484,2026/08/01,22 ,22 ,0 ,9 
AT03731,EMP0485,2026/01/01,22 ,21 ,1 ,7 
AT03732,EMP0485,2026/02/01,23 ,23 ,0 ,8 
AT03733,EMP0485,2026/03/01,20 ,19 ,1 ,6 
AT03734,EMP0485,2026/04/01,22 ,21 ,1 ,0 
AT03735,EMP0485,2026/05/01,20 ,18 ,2 ,13 
AT03736,EMP0485,2026/06/01,20 ,19 ,1 ,13 
AT03737,EMP0485,2026/07/01,22 ,21 ,1 ,17 
AT03738,EMP0485,2026/08/01,23 ,21 ,2 ,0 
AT03739,EMP0486,2026/01/01,23 ,22 ,1 ,8 
AT03740,EMP0486,2026/02/01,20 ,19 ,1 ,9 
AT03741,EMP0486,2026/03/01,23 ,23 ,0 ,9 
AT03742,EMP0486,2026/04/01,20 ,19 ,1 ,9 
AT03743,EMP0486,2026/05/01,20 ,18 ,2 ,22 
AT03744,EMP0486,2026/06/01,21 ,20 ,1 ,12 
AT03745,EMP0486,2026/07/01,23 ,23 ,0 ,6 
AT03746,EMP0486,2026/08/01,21 ,19 ,2 ,10 
AT03747,EMP0487,2026/01/01,20 ,19 ,1 ,4 
AT03748,EMP0487,2026/02/01,22 ,21 ,1 ,6 
AT03749,EMP0487,2026/03/01,22 ,21 ,1 ,18 
AT03750,EMP0487,2026/04/01,21 ,19 ,2 ,23 
AT03751,EMP0487,2026/05/01,21 ,21 ,0 ,5 
AT03752,EMP0487,2026/06/01,21 ,20 ,1 ,18 
AT03753,EMP0487,2026/07/01,22 ,20 ,2 ,4 
AT03754,EMP0487,2026/08/01,22 ,22 ,0 ,2 
AT03755,EMP0488,2026/01/01,21 ,17 ,4 ,8 
AT03756,EMP0488,2026/02/01,21 ,21 ,0 ,0 
AT03757,EMP0488,2026/03/01,23 ,22 ,1 ,13 
AT03758,EMP0488,2026/04/01,20 ,19 ,1 ,12 
AT03759,EMP0488,2026/05/01,20 ,19 ,1 ,10 
AT03760,EMP0488,2026/06/01,23 ,20 ,3 ,7 
AT03761,EMP0488,2026/07/01,23 ,22 ,1 ,18 
AT03762,EMP0488,2026/08/01,21 ,20 ,1 ,21 
AT03763,EMP0489,2026/01/01,23 ,21 ,2 ,0 
AT03764,EMP0489,2026/02/01,21 ,18 ,3 ,9 
AT03765,EMP0489,2026/03/01,22 ,22 ,0 ,17 
AT03766,EMP0489,2026/04/01,22 ,19 ,3 ,14 
AT03767,EMP0489,2026/05/01,22 ,21 ,1 ,23 
AT03768,EMP0489,2026/06/01,22 ,21 ,1 ,4 
AT03769,EMP0489,2026/07/01,20 ,19 ,1 ,18 
AT03770,EMP0489,2026/08/01,21 ,19 ,2 ,15 
AT03771,EMP0490,2026/01/01,20 ,19 ,1 ,8 
AT03772,EMP0490,2026/02/01,21 ,20 ,1 ,17 
AT03773,EMP0490,2026/03/01,23 ,23 ,0 ,17 
AT03774,EMP0490,2026/04/01,20 ,19 ,1 ,5 
AT03775,EMP0490,2026/05/01,22 ,22 ,0 ,6 
AT03776,EMP0490,2026/06/01,23 ,23 ,0 ,22 
AT03777,EMP0490,2026/07/01,20 ,18 ,2 ,8 
AT03778,EMP0490,2026/08/01,22 ,19 ,3 ,19 
AT03779,EMP0491,2026/01/01,22 ,21 ,1 ,14 
AT03780,EMP0491,2026/02/01,22 ,19 ,3 ,12 
AT03781,EMP0491,2026/03/01,20 ,20 ,0 ,14 
AT03782,EMP0491,2026/04/01,22 ,21 ,1 ,13 
AT03783,EMP0491,2026/05/01,20 ,19 ,1 ,24 
AT03784,EMP0491,2026/06/01,20 ,19 ,1 ,16 
AT03785,EMP0491,2026/07/01,22 ,19 ,3 ,11 
AT03786,EMP0491,2026/08/01,23 ,23 ,0 ,14 
AT03787,EMP0492,2026/01/01,21 ,21 ,0 ,0 
AT03788,EMP0492,2026/02/01,22 ,21 ,1 ,7 
AT03789,EMP0492,2026/03/01,21 ,18 ,3 ,14 
AT03790,EMP0492,2026/04/01,21 ,21 ,0 ,0 
AT03791,EMP0492,2026/05/01,21 ,19 ,2 ,8 
AT03792,EMP0492,2026/06/01,22 ,20 ,2 ,7 
AT03793,EMP0492,2026/07/01,20 ,17 ,3 ,17 
AT03794,EMP0492,2026/08/01,23 ,22 ,1 ,18 
AT03795,EMP0493,2026/01/01,23 ,23 ,0 ,23 
AT03796,EMP0493,2026/02/01,21 ,20 ,1 ,6 
AT03797,EMP0493,2026/03/01,22 ,21 ,1 ,20 
AT03798,EMP0493,2026/04/01,21 ,19 ,2 ,9 
AT03799,EMP0493,2026/05/01,23 ,19 ,4 ,9 
AT03800,EMP0493,2026/06/01,21 ,21 ,0 ,7 
AT03801,EMP0493,2026/07/01,23 ,21 ,2 ,6 
AT03802,EMP0493,2026/08/01,21 ,19 ,2 ,20 
AT03803,EMP0495,2026/01/01,21 ,19 ,2 ,21 
AT03804,EMP0495,2026/02/01,20 ,17 ,3 ,15 
AT03805,EMP0495,2026/03/01,22 ,21 ,1 ,15 
AT03806,EMP0495,2026/04/01,22 ,21 ,1 ,19 
AT03807,EMP0495,2026/05/01,23 ,23 ,0 ,7 
AT03808,EMP0495,2026/06/01,21 ,20 ,1 ,7 
AT03809,EMP0495,2026/07/01,23 ,23 ,0 ,15 
AT03810,EMP0495,2026/08/01,23 ,21 ,2 ,9 
AT03811,EMP0496,2026/01/01,21 ,20 ,1 ,0 
AT03812,EMP0496,2026/02/01,22 ,22 ,0 ,4 
AT03813,EMP0496,2026/03/01,20 ,19 ,1 ,13 
AT03814,EMP0496,2026/04/01,22 ,20 ,2 ,12 
AT03815,EMP0496,2026/05/01,21 ,21 ,0 ,3 
AT03816,EMP0496,2026/06/01,21 ,18 ,3 ,0 
AT03817,EMP0496,2026/07/01,22 ,21 ,1 ,14 
AT03818,EMP0496,2026/08/01,22 ,21 ,1 ,0 
AT03819,EMP0497,2026/01/01,21 ,20 ,1 ,7 
AT03820,EMP0497,2026/02/01,20 ,20 ,0 ,19 
AT03821,EMP0497,2026/03/01,23 ,21 ,2 ,3 
AT03822,EMP0497,2026/04/01,23 ,22 ,1 ,17 
AT03823,EMP0497,2026/05/01,22 ,21 ,1 ,5 
AT03824,EMP0497,2026/06/01,23 ,21 ,2 ,8 
AT03825,EMP0497,2026/07/01,20 ,15 ,5 ,10 
AT03826,EMP0497,2026/08/01,21 ,19 ,2 ,9 
AT03827,EMP0498,2026/01/01,20 ,18 ,2 ,0 
AT03828,EMP0498,2026/02/01,22 ,22 ,0 ,10 
AT03829,EMP0498,2026/03/01,21 ,20 ,1 ,0 
AT03830,EMP0498,2026/04/01,21 ,20 ,1 ,2 
AT03831,EMP0498,2026/05/01,21 ,19 ,2 ,12 
AT03832,EMP0498,2026/06/01,22 ,20 ,2 ,7 
AT03833,EMP0498,2026/07/01,20 ,18 ,2 ,20 
AT03834,EMP0498,2026/08/01,22 ,21 ,1 ,4 
AT03835,EMP0499,2026/01/01,22 ,21 ,1 ,31 
AT03836,EMP0499,2026/02/01,20 ,19 ,1 ,0 
AT03837,EMP0499,2026/03/01,21 ,20 ,1 ,0 
AT03838,EMP0499,2026/04/01,20 ,20 ,0 ,12 
AT03839,EMP0499,2026/05/01,21 ,21 ,0 ,14 
AT03840,EMP0499,2026/06/01,21 ,21 ,0 ,18 
AT03841,EMP0499,2026/07/01,22 ,21 ,1 ,9 
AT03842,EMP0499,2026/08/01,20 ,17 ,3 ,15 
AT03843,EMP0500,2026/01/01,23 ,20 ,3 ,6 
AT03844,EMP0500,2026/02/01,22 ,21 ,1 ,5 
AT03845,EMP0500,2026/03/01,20 ,20 ,0 ,20 
AT03846,EMP0500,2026/04/01,21 ,19 ,2 ,0 
AT03847,EMP0500,2026/05/01,23 ,21 ,2 ,0 
AT03848,EMP0500,2026/06/01,21 ,19 ,2 ,4 
AT03849,EMP0500,2026/07/01,20 ,20 ,0 ,13 
AT03850,EMP0500,2026/08/01,20 ,19 ,1 ,12 
AT03851,EMP0501,2026/01/01,22 ,20 ,2 ,0 
AT03852,EMP0501,2026/02/01,22 ,22 ,0 ,18 
AT03853,EMP0501,2026/03/01,23 ,22 ,1 ,8 
AT03854,EMP0501,2026/04/01,22 ,22 ,0 ,3 
AT03855,EMP0501,2026/05/01,22 ,21 ,1 ,15 
AT03856,EMP0501,2026/06/01,20 ,19 ,1 ,12 
AT03857,EMP0501,2026/07/01,20 ,19 ,1 ,11 
AT03858,EMP0501,2026/08/01,21 ,18 ,3 ,13 
AT03859,EMP0502,2026/01/01,20 ,20 ,0 ,20 
AT03860,EMP0502,2026/02/01,23 ,23 ,0 ,16 
AT03861,EMP0502,2026/03/01,22 ,20 ,2 ,14 
AT03862,EMP0502,2026/04/01,22 ,21 ,1 ,13 
AT03863,EMP0502,2026/05/01,21 ,19 ,2 ,8 
AT03864,EMP0502,2026/06/01,23 ,21 ,2 ,19 
AT03865,EMP0502,2026/07/01,21 ,18 ,3 ,19 
AT03866,EMP0502,2026/08/01,22 ,21 ,1 ,0 
AT03867,EMP0503,2026/01/01,21 ,16 ,5 ,2 
AT03868,EMP0503,2026/02/01,21 ,20 ,1 ,9 
AT03869,EMP0503,2026/03/01,22 ,21 ,1 ,6 
AT03870,EMP0503,2026/04/01,22 ,21 ,1 ,15 
AT03871,EMP0503,2026/05/01,23 ,22 ,1 ,10 
AT03872,EMP0503,2026/06/01,20 ,19 ,1 ,10 
AT03873,EMP0503,2026/07/01,20 ,18 ,2 ,6 
AT03874,EMP0503,2026/08/01,20 ,19 ,1 ,21 
AT03875,EMP0504,2026/01/01,21 ,20 ,1 ,17 
AT03876,EMP0504,2026/02/01,21 ,21 ,0 ,23 
AT03877,EMP0504,2026/03/01,22 ,21 ,1 ,7 
AT03878,EMP0504,2026/04/01,20 ,19 ,1 ,1 
AT03879,EMP0504,2026/05/01,23 ,22 ,1 ,0 
AT03880,EMP0504,2026/06/01,21 ,20 ,1 ,0 
AT03881,EMP0504,2026/07/01,22 ,22 ,0 ,8 
AT03882,EMP0504,2026/08/01,21 ,21 ,0 ,2 
AT03883,EMP0505,2026/01/01,20 ,20 ,0 ,11 
AT03884,EMP0505,2026/02/01,23 ,23 ,0 ,12 
AT03885,EMP0505,2026/03/01,21 ,21 ,0 ,19 
AT03886,EMP0505,2026/04/01,22 ,22 ,0 ,12 
AT03887,EMP0505,2026/05/01,22 ,20 ,2 ,6 
AT03888,EMP0505,2026/06/01,23 ,22 ,1 ,10 
AT03889,EMP0505,2026/07/01,21 ,19 ,2 ,13 
AT03890,EMP0505,2026/08/01,20 ,20 ,0 ,7 
AT03891,EMP0506,2026/01/01,23 ,22 ,1 ,13 
AT03892,EMP0506,2026/02/01,22 ,20 ,2 ,2 
AT03893,EMP0506,2026/03/01,20 ,19 ,1 ,9 
AT03894,EMP0506,2026/04/01,22 ,22 ,0 ,1 
AT03895,EMP0506,2026/05/01,20 ,20 ,0 ,10 
AT03896,EMP0506,2026/06/01,21 ,20 ,1 ,11 
AT03897,EMP0506,2026/07/01,22 ,22 ,0 ,2 
AT03898,EMP0506,2026/08/01,22 ,19 ,3 ,4 
AT03899,EMP0507,2026/01/01,20 ,20 ,0 ,11 
AT03900,EMP0507,2026/02/01,21 ,19 ,2 ,16 
AT03901,EMP0507,2026/03/01,22 ,20 ,2 ,11 
AT03902,EMP0507,2026/04/01,20 ,18 ,2 ,13 
AT03903,EMP0507,2026/05/01,23 ,21 ,2 ,20 
AT03904,EMP0507,2026/06/01,20 ,19 ,1 ,30 
AT03905,EMP0507,2026/07/01,22 ,19 ,3 ,11 
AT03906,EMP0507,2026/08/01,23 ,22 ,1 ,16 
AT03907,EMP0508,2026/01/01,20 ,19 ,1 ,13 
AT03908,EMP0508,2026/02/01,23 ,23 ,0 ,3 
AT03909,EMP0508,2026/03/01,22 ,21 ,1 ,17 
AT03910,EMP0508,2026/04/01,21 ,20 ,1 ,7 
AT03911,EMP0508,2026/05/01,22 ,17 ,5 ,11 
AT03912,EMP0508,2026/06/01,23 ,21 ,2 ,9 
AT03913,EMP0508,2026/07/01,21 ,18 ,3 ,18 
AT03914,EMP0508,2026/08/01,20 ,18 ,2 ,12 
AT03915,EMP0509,2026/01/01,22 ,22 ,0 ,3 
AT03916,EMP0509,2026/02/01,21 ,17 ,4 ,21 
AT03917,EMP0509,2026/03/01,21 ,18 ,3 ,12 
AT03918,EMP0509,2026/04/01,22 ,21 ,1 ,13 
AT03919,EMP0509,2026/05/01,20 ,17 ,3 ,7 
AT03920,EMP0509,2026/06/01,20 ,19 ,1 ,6 
AT03921,EMP0509,2026/07/01,20 ,18 ,2 ,6 
AT03922,EMP0509,2026/08/01,21 ,20 ,1 ,0 
AT03923,EMP0510,2026/01/01,23 ,21 ,2 ,5 
AT03924,EMP0510,2026/02/01,22 ,22 ,0 ,14 
AT03925,EMP0510,2026/03/01,22 ,22 ,0 ,5 
AT03926,EMP0510,2026/04/01,22 ,22 ,0 ,0 
AT03927,EMP0510,2026/05/01,23 ,20 ,3 ,12 
AT03928,EMP0510,2026/06/01,21 ,18 ,3 ,1 
AT03929,EMP0510,2026/07/01,23 ,21 ,2 ,7 
AT03930,EMP0510,2026/08/01,22 ,20 ,2 ,13 
AT03931,EMP0511,2026/01/01,20 ,17 ,3 ,3 
AT03932,EMP0511,2026/02/01,23 ,19 ,4 ,0 
AT03933,EMP0511,2026/03/01,21 ,20 ,1 ,11 
AT03934,EMP0511,2026/04/01,21 ,21 ,0 ,19 
AT03935,EMP0511,2026/05/01,20 ,18 ,2 ,0 
AT03936,EMP0511,2026/06/01,23 ,22 ,1 ,7 
AT03937,EMP0511,2026/07/01,20 ,19 ,1 ,18 
AT03938,EMP0511,2026/08/01,22 ,20 ,2 ,2 
AT03939,EMP0512,2026/01/01,21 ,21 ,0 ,12 
AT03940,EMP0512,2026/02/01,21 ,19 ,2 ,20 
AT03941,EMP0512,2026/03/01,23 ,20 ,3 ,10 
AT03942,EMP0512,2026/04/01,23 ,22 ,1 ,0 
AT03943,EMP0512,2026/05/01,21 ,19 ,2 ,12 
AT03944,EMP0512,2026/06/01,23 ,22 ,1 ,19 
AT03945,EMP0512,2026/07/01,21 ,20 ,1 ,22 
AT03946,EMP0512,2026/08/01,21 ,19 ,2 ,10 
AT03947,EMP0513,2026/01/01,20 ,19 ,1 ,1 
AT03948,EMP0513,2026/02/01,22 ,21 ,1 ,16 
AT03949,EMP0513,2026/03/01,21 ,21 ,0 ,10 
AT03950,EMP0513,2026/04/01,20 ,20 ,0 ,4 
AT03951,EMP0513,2026/05/01,23 ,22 ,1 ,11 
AT03952,EMP0513,2026/06/01,20 ,18 ,2 ,12 
AT03953,EMP0513,2026/07/01,21 ,20 ,1 ,4 
AT03954,EMP0513,2026/08/01,20 ,19 ,1 ,7 
AT03955,EMP0514,2026/01/01,20 ,20 ,0 ,4 
AT03956,EMP0514,2026/02/01,21 ,19 ,2 ,23 
AT03957,EMP0514,2026/03/01,23 ,22 ,1 ,5 
AT03958,EMP0514,2026/04/01,20 ,20 ,0 ,2 
AT03959,EMP0514,2026/05/01,23 ,20 ,3 ,7 
AT03960,EMP0514,2026/06/01,21 ,21 ,0 ,13 
AT03961,EMP0514,2026/07/01,21 ,21 ,0 ,11 
AT03962,EMP0514,2026/08/01,22 ,20 ,2 ,9 
AT03963,EMP0515,2026/01/01,23 ,22 ,1 ,16 
AT03964,EMP0515,2026/02/01,23 ,22 ,1 ,1 
AT03965,EMP0515,2026/03/01,22 ,21 ,1 ,16 
AT03966,EMP0515,2026/04/01,23 ,20 ,3 ,8 
AT03967,EMP0515,2026/05/01,21 ,16 ,5 ,8 
AT03968,EMP0515,2026/06/01,20 ,20 ,0 ,14 
AT03969,EMP0515,2026/07/01,20 ,16 ,4 ,0 
AT03970,EMP0515,2026/08/01,23 ,23 ,0 ,16 
AT03971,EMP0516,2026/01/01,23 ,23 ,0 ,16 
AT03972,EMP0516,2026/02/01,23 ,23 ,0 ,10 
AT03973,EMP0516,2026/03/01,23 ,23 ,0 ,4 
AT03974,EMP0516,2026/04/01,21 ,20 ,1 ,4 
AT03975,EMP0516,2026/05/01,20 ,18 ,2 ,16 
AT03976,EMP0516,2026/06/01,21 ,20 ,1 ,13 
AT03977,EMP0516,2026/07/01,22 ,22 ,0 ,1 
AT03978,EMP0516,2026/08/01,22 ,21 ,1 ,9 
AT03979,EMP0517,2026/01/01,20 ,20 ,0 ,1 
AT03980,EMP0517,2026/02/01,20 ,16 ,4 ,11 
AT03981,EMP0517,2026/03/01,21 ,20 ,1 ,7 
AT03982,EMP0517,2026/04/01,23 ,20 ,3 ,13 
AT03983,EMP0517,2026/05/01,22 ,17 ,5 ,19 
AT03984,EMP0517,2026/06/01,23 ,21 ,2 ,15 
AT03985,EMP0517,2026/07/01,20 ,19 ,1 ,10 
AT03986,EMP0517,2026/08/01,20 ,18 ,2 ,8 
AT03987,EMP0518,2026/01/01,22 ,19 ,3 ,20 
AT03988,EMP0518,2026/02/01,22 ,22 ,0 ,7 
AT03989,EMP0518,2026/03/01,21 ,21 ,0 ,5 
AT03990,EMP0518,2026/04/01,21 ,19 ,2 ,7 
AT03991,EMP0518,2026/05/01,21 ,17 ,4 ,16 
AT03992,EMP0518,2026/06/01,23 ,21 ,2 ,6 
AT03993,EMP0518,2026/07/01,22 ,21 ,1 ,10 
AT03994,EMP0518,2026/08/01,20 ,17 ,3 ,19 
AT03995,EMP0520,2026/01/01,22 ,21 ,1 ,1 
AT03996,EMP0520,2026/02/01,22 ,19 ,3 ,8 
AT03997,EMP0520,2026/03/01,20 ,20 ,0 ,16 
AT03998,EMP0520,2026/04/01,23 ,23 ,0 ,10 
AT03999,EMP0520,2026/05/01,20 ,18 ,2 ,11 
AT04000,EMP0520,2026/06/01,20 ,18 ,2 ,14 
AT04001,EMP0520,2026/07/01,20 ,19 ,1 ,5 
AT04002,EMP0520,2026/08/01,20 ,20 ,0 ,11 
AT04003,EMP0521,2026/01/01,20 ,20 ,0 ,5 
AT04004,EMP0521,2026/02/01,22 ,21 ,1 ,11 
AT04005,EMP0521,2026/03/01,21 ,19 ,2 ,7 
AT04006,EMP0521,2026/04/01,20 ,19 ,1 ,12 
AT04007,EMP0521,2026/05/01,23 ,23 ,0 ,15 
AT04008,EMP0521,2026/06/01,20 ,20 ,0 ,0 
AT04009,EMP0521,2026/07/01,21 ,20 ,1 ,12 
AT04010,EMP0521,2026/08/01,22 ,22 ,0 ,3 
AT04011,EMP0522,2026/01/01,20 ,19 ,1 ,10 
AT04012,EMP0522,2026/02/01,22 ,21 ,1 ,3 
AT04013,EMP0522,2026/03/01,22 ,22 ,0 ,24 
AT04014,EMP0522,2026/04/01,23 ,22 ,1 ,1 
AT04015,EMP0522,2026/05/01,21 ,20 ,1 ,17 
AT04016,EMP0522,2026/06/01,21 ,19 ,2 ,16 
AT04017,EMP0522,2026/07/01,23 ,19 ,4 ,16 
AT04018,EMP0522,2026/08/01,23 ,22 ,1 ,17 
AT04019,EMP0523,2026/01/01,23 ,22 ,1 ,15 
AT04020,EMP0523,2026/02/01,23 ,23 ,0 ,2 
AT04021,EMP0523,2026/03/01,21 ,20 ,1 ,14 
AT04022,EMP0523,2026/04/01,23 ,23 ,0 ,11 
AT04023,EMP0523,2026/05/01,20 ,18 ,2 ,0 
AT04024,EMP0523,2026/06/01,23 ,21 ,2 ,3 
AT04025,EMP0523,2026/07/01,20 ,16 ,4 ,2 
AT04026,EMP0523,2026/08/01,23 ,22 ,1 ,1 
AT04027,EMP0524,2026/01/01,20 ,18 ,2 ,11 
AT04028,EMP0524,2026/02/01,23 ,22 ,1 ,14 
AT04029,EMP0524,2026/03/01,22 ,22 ,0 ,0 
AT04030,EMP0524,2026/04/01,23 ,21 ,2 ,3 
AT04031,EMP0524,2026/05/01,21 ,19 ,2 ,16 
AT04032,EMP0524,2026/06/01,20 ,19 ,1 ,6 
AT04033,EMP0524,2026/07/01,20 ,19 ,1 ,0 
AT04034,EMP0524,2026/08/01,20 ,20 ,0 ,9 
AT04035,EMP0525,2026/01/01,22 ,21 ,1 ,10 
AT04036,EMP0525,2026/02/01,20 ,20 ,0 ,13 
AT04037,EMP0525,2026/03/01,23 ,23 ,0 ,13 
AT04038,EMP0525,2026/04/01,21 ,21 ,0 ,18 
AT04039,EMP0525,2026/05/01,20 ,18 ,2 ,21 
AT04040,EMP0525,2026/06/01,23 ,21 ,2 ,14 
AT04041,EMP0525,2026/07/01,23 ,19 ,4 ,10 
AT04042,EMP0525,2026/08/01,21 ,20 ,1 ,8 
AT04043,EMP0527,2026/01/01,20 ,19 ,1 ,7 
AT04044,EMP0527,2026/02/01,20 ,20 ,0 ,4 
AT04045,EMP0527,2026/03/01,21 ,19 ,2 ,0 
AT04046,EMP0527,2026/04/01,23 ,21 ,2 ,10 
AT04047,EMP0527,2026/05/01,23 ,21 ,2 ,0 
AT04048,EMP0527,2026/06/01,22 ,19 ,3 ,11 
AT04049,EMP0527,2026/07/01,20 ,20 ,0 ,19 
AT04050,EMP0527,2026/08/01,21 ,20 ,1 ,15 
AT04051,EMP0528,2026/01/01,23 ,21 ,2 ,7 
AT04052,EMP0528,2026/02/01,20 ,18 ,2 ,6 
AT04053,EMP0528,2026/03/01,23 ,20 ,3 ,14 
AT04054,EMP0528,2026/04/01,20 ,20 ,0 ,3 
AT04055,EMP0528,2026/05/01,23 ,22 ,1 ,0 
AT04056,EMP0528,2026/06/01,20 ,19 ,1 ,12 
AT04057,EMP0528,2026/07/01,23 ,21 ,2 ,15 
AT04058,EMP0528,2026/08/01,22 ,20 ,2 ,8 
AT04059,EMP0529,2026/01/01,22 ,21 ,1 ,5 
AT04060,EMP0529,2026/02/01,20 ,19 ,1 ,11 
AT04061,EMP0529,2026/03/01,23 ,22 ,1 ,2 
AT04062,EMP0529,2026/04/01,20 ,20 ,0 ,21 
AT04063,EMP0529,2026/05/01,22 ,20 ,2 ,20 
AT04064,EMP0529,2026/06/01,22 ,21 ,1 ,13 
AT04065,EMP0529,2026/07/01,23 ,21 ,2 ,8 
AT04066,EMP0529,2026/08/01,21 ,20 ,1 ,5 
AT04067,EMP0530,2026/01/01,21 ,20 ,1 ,16 
AT04068,EMP0530,2026/02/01,23 ,23 ,0 ,9 
AT04069,EMP0530,2026/03/01,22 ,20 ,2 ,23 
AT04070,EMP0530,2026/04/01,23 ,21 ,2 ,6 
AT04071,EMP0530,2026/05/01,21 ,17 ,4 ,7 
AT04072,EMP0530,2026/06/01,22 ,19 ,3 ,7 
AT04073,EMP0530,2026/07/01,20 ,17 ,3 ,2 
AT04074,EMP0530,2026/08/01,20 ,19 ,1 ,6 
AT04075,EMP0531,2026/01/01,22 ,22 ,0 ,17 
AT04076,EMP0531,2026/02/01,23 ,22 ,1 ,0 
AT04077,EMP0531,2026/03/01,20 ,20 ,0 ,0 
AT04078,EMP0531,2026/04/01,20 ,18 ,2 ,11 
AT04079,EMP0531,2026/05/01,22 ,21 ,1 ,0 
AT04080,EMP0531,2026/06/01,22 ,21 ,1 ,12 
AT04081,EMP0531,2026/07/01,21 ,19 ,2 ,22 
AT04082,EMP0531,2026/08/01,20 ,19 ,1 ,5 
AT04083,EMP0532,2026/01/01,20 ,19 ,1 ,8 
AT04084,EMP0532,2026/02/01,23 ,23 ,0 ,12 
AT04085,EMP0532,2026/03/01,21 ,17 ,4 ,19 
AT04086,EMP0532,2026/04/01,21 ,20 ,1 ,14 
AT04087,EMP0532,2026/05/01,22 ,21 ,1 ,1 
AT04088,EMP0532,2026/06/01,23 ,21 ,2 ,17 
AT04089,EMP0532,2026/07/01,20 ,20 ,0 ,17 
AT04090,EMP0532,2026/08/01,22 ,21 ,1 ,12 
AT04091,EMP0533,2026/01/01,21 ,20 ,1 ,3 
AT04092,EMP0533,2026/02/01,20 ,19 ,1 ,4 
AT04093,EMP0533,2026/03/01,21 ,19 ,2 ,7 
AT04094,EMP0533,2026/04/01,22 ,22 ,0 ,25 
AT04095,EMP0533,2026/05/01,21 ,19 ,2 ,9 
AT04096,EMP0533,2026/06/01,22 ,22 ,0 ,16 
AT04097,EMP0533,2026/07/01,22 ,22 ,0 ,0 
AT04098,EMP0533,2026/08/01,23 ,23 ,0 ,15 
AT04099,EMP0534,2026/01/01,22 ,20 ,2 ,3 
AT04100,EMP0534,2026/02/01,23 ,22 ,1 ,22 
AT04101,EMP0534,2026/03/01,22 ,22 ,0 ,9 
AT04102,EMP0534,2026/04/01,22 ,20 ,2 ,14 
AT04103,EMP0534,2026/05/01,21 ,21 ,0 ,0 
AT04104,EMP0534,2026/06/01,22 ,18 ,4 ,9 
AT04105,EMP0534,2026/07/01,23 ,22 ,1 ,13 
AT04106,EMP0534,2026/08/01,23 ,22 ,1 ,10 
AT04107,EMP0535,2026/01/01,22 ,20 ,2 ,9 
AT04108,EMP0535,2026/02/01,20 ,19 ,1 ,16 
AT04109,EMP0535,2026/03/01,20 ,20 ,0 ,12 
AT04110,EMP0535,2026/04/01,21 ,20 ,1 ,3 
AT04111,EMP0535,2026/05/01,21 ,21 ,0 ,6 
AT04112,EMP0535,2026/06/01,23 ,21 ,2 ,12 
AT04113,EMP0535,2026/07/01,22 ,21 ,1 ,19 
AT04114,EMP0535,2026/08/01,20 ,18 ,2 ,12 
AT04115,EMP0536,2026/01/01,22 ,20 ,2 ,11 
AT04116,EMP0536,2026/02/01,22 ,22 ,0 ,9 
AT04117,EMP0536,2026/03/01,22 ,21 ,1 ,14 
AT04118,EMP0536,2026/04/01,22 ,21 ,1 ,9 
AT04119,EMP0536,2026/05/01,23 ,20 ,3 ,4 
AT04120,EMP0536,2026/06/01,21 ,20 ,1 ,3 
AT04121,EMP0536,2026/07/01,22 ,18 ,4 ,25 
AT04122,EMP0536,2026/08/01,20 ,18 ,2 ,7 
AT04123,EMP0537,2026/01/01,23 ,23 ,0 ,11 
AT04124,EMP0537,2026/02/01,23 ,23 ,0 ,13 
AT04125,EMP0537,2026/03/01,23 ,22 ,1 ,2 
AT04126,EMP0537,2026/04/01,22 ,21 ,1 ,8 
AT04127,EMP0537,2026/05/01,20 ,17 ,3 ,21 
AT04128,EMP0537,2026/06/01,20 ,20 ,0 ,3 
AT04129,EMP0537,2026/07/01,21 ,17 ,4 ,5 
AT04130,EMP0537,2026/08/01,22 ,19 ,3 ,10 
AT04131,EMP0538,2026/01/01,20 ,19 ,1 ,15 
AT04132,EMP0538,2026/02/01,21 ,20 ,1 ,0 
AT04133,EMP0538,2026/03/01,20 ,19 ,1 ,0 
AT04134,EMP0538,2026/04/01,22 ,21 ,1 ,12 
AT04135,EMP0538,2026/05/01,21 ,21 ,0 ,4 
AT04136,EMP0538,2026/06/01,20 ,18 ,2 ,13 
AT04137,EMP0538,2026/07/01,22 ,22 ,0 ,11 
AT04138,EMP0538,2026/08/01,23 ,21 ,2 ,18 
AT04139,EMP0539,2026/01/01,23 ,23 ,0 ,9 
AT04140,EMP0539,2026/02/01,21 ,16 ,5 ,12 
AT04141,EMP0539,2026/03/01,23 ,22 ,1 ,1 
AT04142,EMP0539,2026/04/01,21 ,21 ,0 ,9 
AT04143,EMP0539,2026/05/01,20 ,18 ,2 ,14 
AT04144,EMP0539,2026/06/01,20 ,17 ,3 ,1 
AT04145,EMP0539,2026/07/01,21 ,16 ,5 ,0 
AT04146,EMP0539,2026/08/01,20 ,20 ,0 ,20 
AT04147,EMP0540,2026/01/01,21 ,18 ,3 ,3 
AT04148,EMP0540,2026/02/01,20 ,16 ,4 ,10 
AT04149,EMP0540,2026/03/01,22 ,21 ,1 ,6 
AT04150,EMP0540,2026/04/01,22 ,22 ,0 ,8 
AT04151,EMP0540,2026/05/01,23 ,18 ,5 ,18 
AT04152,EMP0540,2026/06/01,23 ,23 ,0 ,7 
AT04153,EMP0540,2026/07/01,20 ,19 ,1 ,18 
AT04154,EMP0540,2026/08/01,23 ,22 ,1 ,2 
AT04155,EMP0541,2026/01/01,21 ,20 ,1 ,4 
AT04156,EMP0541,2026/02/01,23 ,23 ,0 ,20 
AT04157,EMP0541,2026/03/01,21 ,19 ,2 ,0 
AT04158,EMP0541,2026/04/01,21 ,20 ,1 ,13 
AT04159,EMP0541,2026/05/01,20 ,18 ,2 ,22 
AT04160,EMP0541,2026/06/01,23 ,19 ,4 ,21 
AT04161,EMP0541,2026/07/01,20 ,16 ,4 ,12 
AT04162,EMP0541,2026/08/01,21 ,20 ,1 ,22 
AT04163,EMP0542,2026/01/01,22 ,19 ,3 ,14 
AT04164,EMP0542,2026/02/01,20 ,20 ,0 ,22 
AT04165,EMP0542,2026/03/01,21 ,20 ,1 ,6 
AT04166,EMP0542,2026/04/01,20 ,19 ,1 ,6 
AT04167,EMP0542,2026/05/01,22 ,20 ,2 ,27 
AT04168,EMP0542,2026/06/01,23 ,19 ,4 ,5 
AT04169,EMP0542,2026/07/01,21 ,20 ,1 ,4 
AT04170,EMP0542,2026/08/01,22 ,20 ,2 ,4 
AT04171,EMP0543,2026/01/01,22 ,21 ,1 ,23 
AT04172,EMP0543,2026/02/01,21 ,21 ,0 ,0 
AT04173,EMP0543,2026/03/01,22 ,20 ,2 ,2 
AT04174,EMP0543,2026/04/01,22 ,21 ,1 ,7 
AT04175,EMP0543,2026/05/01,20 ,20 ,0 ,0 
AT04176,EMP0543,2026/06/01,21 ,20 ,1 ,0 
AT04177,EMP0543,2026/07/01,23 ,21 ,2 ,9 
AT04178,EMP0543,2026/08/01,22 ,21 ,1 ,12 
AT04179,EMP0544,2026/01/01,23 ,21 ,2 ,5 
AT04180,EMP0544,2026/02/01,23 ,23 ,0 ,0 
AT04181,EMP0544,2026/03/01,23 ,23 ,0 ,24 
AT04182,EMP0544,2026/04/01,20 ,17 ,3 ,2 
AT04183,EMP0544,2026/05/01,21 ,19 ,2 ,10 
AT04184,EMP0544,2026/06/01,21 ,20 ,1 ,4 
AT04185,EMP0544,2026/07/01,23 ,23 ,0 ,13 
AT04186,EMP0544,2026/08/01,23 ,22 ,1 ,0 
AT04187,EMP0545,2026/01/01,20 ,20 ,0 ,14 
AT04188,EMP0545,2026/02/01,22 ,22 ,0 ,9 
AT04189,EMP0545,2026/03/01,20 ,19 ,1 ,19 
AT04190,EMP0545,2026/04/01,23 ,21 ,2 ,20 
AT04191,EMP0545,2026/05/01,22 ,21 ,1 ,13 
AT04192,EMP0545,2026/06/01,20 ,18 ,2 ,13 
AT04193,EMP0545,2026/07/01,20 ,17 ,3 ,14 
AT04194,EMP0545,2026/08/01,22 ,19 ,3 ,25 
AT04195,EMP0546,2026/01/01,21 ,19 ,2 ,7 
AT04196,EMP0546,2026/02/01,20 ,17 ,3 ,7 
AT04197,EMP0546,2026/03/01,23 ,22 ,1 ,0 
AT04198,EMP0546,2026/04/01,20 ,16 ,4 ,8 
AT04199,EMP0546,2026/05/01,20 ,20 ,0 ,18 
AT04200,EMP0546,2026/06/01,20 ,20 ,0 ,6 
AT04201,EMP0546,2026/07/01,22 ,22 ,0 ,17 
AT04202,EMP0546,2026/08/01,22 ,18 ,4 ,12 
AT04203,EMP0547,2026/01/01,21 ,18 ,3 ,8 
AT04204,EMP0547,2026/02/01,23 ,21 ,2 ,0 
AT04205,EMP0547,2026/03/01,20 ,19 ,1 ,4 
AT04206,EMP0547,2026/04/01,22 ,21 ,1 ,3 
AT04207,EMP0547,2026/05/01,21 ,20 ,1 ,11 
AT04208,EMP0547,2026/06/01,20 ,19 ,1 ,0 
AT04209,EMP0547,2026/07/01,22 ,19 ,3 ,6 
AT04210,EMP0547,2026/08/01,21 ,21 ,0 ,15 
AT04211,EMP0548,2026/01/01,21 ,19 ,2 ,7 
AT04212,EMP0548,2026/02/01,22 ,17 ,5 ,0 
AT04213,EMP0548,2026/03/01,22 ,21 ,1 ,2 
AT04214,EMP0548,2026/04/01,22 ,21 ,1 ,13 
AT04215,EMP0548,2026/05/01,22 ,21 ,1 ,8 
AT04216,EMP0548,2026/06/01,22 ,22 ,0 ,5 
AT04217,EMP0548,2026/07/01,22 ,21 ,1 ,14 
AT04218,EMP0548,2026/08/01,22 ,22 ,0 ,15 
AT04219,EMP0549,2026/01/01,20 ,18 ,2 ,0 
AT04220,EMP0549,2026/02/01,22 ,20 ,2 ,10 
AT04221,EMP0549,2026/03/01,20 ,20 ,0 ,18 
AT04222,EMP0549,2026/04/01,22 ,21 ,1 ,12 
AT04223,EMP0549,2026/05/01,20 ,20 ,0 ,7 
AT04224,EMP0549,2026/06/01,23 ,22 ,1 ,4 
AT04225,EMP0549,2026/07/01,23 ,23 ,0 ,4 
AT04226,EMP0549,2026/08/01,22 ,20 ,2 ,4 
AT04227,EMP0550,2026/01/01,23 ,22 ,1 ,17 
AT04228,EMP0550,2026/02/01,22 ,20 ,2 ,0 
AT04229,EMP0550,2026/03/01,23 ,22 ,1 ,22 
AT04230,EMP0550,2026/04/01,23 ,21 ,2 ,14 
AT04231,EMP0550,2026/05/01,20 ,17 ,3 ,1 
AT04232,EMP0550,2026/06/01,22 ,21 ,1 ,10 
AT04233,EMP0550,2026/07/01,20 ,20 ,0 ,6 
AT04234,EMP0550,2026/08/01,20 ,16 ,4 ,16 
AT04235,EMP0551,2026/01/01,23 ,22 ,1 ,14 
AT04236,EMP0551,2026/02/01,20 ,19 ,1 ,21 
AT04237,EMP0551,2026/03/01,21 ,20 ,1 ,21 
AT04238,EMP0551,2026/04/01,20 ,18 ,2 ,10 
AT04239,EMP0551,2026/05/01,20 ,18 ,2 ,13 
AT04240,EMP0551,2026/06/01,20 ,18 ,2 ,12 
AT04241,EMP0551,2026/07/01,22 ,19 ,3 ,9 
AT04242,EMP0551,2026/08/01,22 ,21 ,1 ,4 
AT04243,EMP0552,2026/01/01,22 ,21 ,1 ,7 
AT04244,EMP0552,2026/02/01,22 ,20 ,2 ,18 
AT04245,EMP0552,2026/03/01,23 ,22 ,1 ,16 
AT04246,EMP0552,2026/04/01,20 ,19 ,1 ,5 
AT04247,EMP0552,2026/05/01,21 ,21 ,0 ,10 
AT04248,EMP0552,2026/06/01,21 ,19 ,2 ,9 
AT04249,EMP0552,2026/07/01,22 ,22 ,0 ,15 
AT04250,EMP0552,2026/08/01,22 ,20 ,2 ,19 
AT04251,EMP0553,2026/01/01,23 ,22 ,1 ,4 
AT04252,EMP0553,2026/02/01,23 ,23 ,0 ,0 
AT04253,EMP0553,2026/03/01,20 ,18 ,2 ,18 
AT04254,EMP0553,2026/04/01,21 ,20 ,1 ,3 
AT04255,EMP0553,2026/05/01,22 ,21 ,1 ,7 
AT04256,EMP0553,2026/06/01,23 ,22 ,1 ,15 
AT04257,EMP0553,2026/07/01,23 ,21 ,2 ,2 
AT04258,EMP0553,2026/08/01,22 ,21 ,1 ,5 
AT04259,EMP0554,2026/01/01,23 ,19 ,4 ,8 
AT04260,EMP0554,2026/02/01,22 ,21 ,1 ,7 
AT04261,EMP0554,2026/03/01,21 ,17 ,4 ,1 
AT04262,EMP0554,2026/04/01,20 ,20 ,0 ,4 
AT04263,EMP0554,2026/05/01,20 ,19 ,1 ,17 
AT04264,EMP0554,2026/06/01,20 ,20 ,0 ,16 
AT04265,EMP0554,2026/07/01,23 ,21 ,2 ,4 
AT04266,EMP0554,2026/08/01,21 ,20 ,1 ,4 
AT04267,EMP0555,2026/01/01,21 ,20 ,1 ,14 
AT04268,EMP0555,2026/02/01,23 ,23 ,0 ,0 
AT04269,EMP0555,2026/03/01,20 ,19 ,1 ,9 
AT04270,EMP0555,2026/04/01,23 ,20 ,3 ,10 
AT04271,EMP0555,2026/05/01,22 ,18 ,4 ,10 
AT04272,EMP0555,2026/06/01,23 ,22 ,1 ,0 
AT04273,EMP0555,2026/07/01,20 ,18 ,2 ,7 
AT04274,EMP0555,2026/08/01,22 ,21 ,1 ,0 
AT04275,EMP0556,2026/01/01,20 ,20 ,0 ,10 
AT04276,EMP0556,2026/02/01,23 ,21 ,2 ,8 
AT04277,EMP0556,2026/03/01,20 ,19 ,1 ,6 
AT04278,EMP0556,2026/04/01,21 ,20 ,1 ,16 
AT04279,EMP0556,2026/05/01,20 ,20 ,0 ,18 
AT04280,EMP0556,2026/06/01,21 ,21 ,0 ,4 
AT04281,EMP0556,2026/07/01,20 ,19 ,1 ,0 
AT04282,EMP0556,2026/08/01,22 ,22 ,0 ,18 
AT04283,EMP0557,2026/01/01,20 ,19 ,1 ,8 
AT04284,EMP0557,2026/02/01,20 ,19 ,1 ,15 
AT04285,EMP0557,2026/03/01,23 ,21 ,2 ,23 
AT04286,EMP0557,2026/04/01,23 ,22 ,1 ,1 
AT04287,EMP0557,2026/05/01,23 ,21 ,2 ,16 
AT04288,EMP0557,2026/06/01,23 ,23 ,0 ,11 
AT04289,EMP0557,2026/07/01,21 ,20 ,1 ,6 
AT04290,EMP0557,2026/08/01,21 ,20 ,1 ,1 
AT04291,EMP0558,2026/01/01,21 ,20 ,1 ,8 
AT04292,EMP0558,2026/02/01,21 ,21 ,0 ,2 
AT04293,EMP0558,2026/03/01,23 ,23 ,0 ,9 
AT04294,EMP0558,2026/04/01,20 ,20 ,0 ,5 
AT04295,EMP0558,2026/05/01,21 ,19 ,2 ,0 
AT04296,EMP0558,2026/06/01,22 ,19 ,3 ,0 
AT04297,EMP0558,2026/07/01,21 ,20 ,1 ,10 
AT04298,EMP0558,2026/08/01,20 ,19 ,1 ,14 
AT04299,EMP0559,2026/01/01,23 ,20 ,3 ,11 
AT04300,EMP0559,2026/02/01,21 ,19 ,2 ,6 
AT04301,EMP0559,2026/03/01,20 ,19 ,1 ,4 
AT04302,EMP0559,2026/04/01,22 ,20 ,2 ,9 
AT04303,EMP0559,2026/05/01,23 ,22 ,1 ,9 
AT04304,EMP0559,2026/06/01,20 ,19 ,1 ,7 
AT04305,EMP0559,2026/07/01,21 ,20 ,1 ,3 
AT04306,EMP0559,2026/08/01,23 ,21 ,2 ,14 
AT04307,EMP0560,2026/01/01,22 ,19 ,3 ,14 
AT04308,EMP0560,2026/02/01,23 ,22 ,1 ,0 
AT04309,EMP0560,2026/03/01,22 ,20 ,2 ,19 
AT04310,EMP0560,2026/04/01,20 ,19 ,1 ,15 
AT04311,EMP0560,2026/05/01,22 ,21 ,1 ,12 
AT04312,EMP0560,2026/06/01,22 ,21 ,1 ,0 
AT04313,EMP0560,2026/07/01,22 ,20 ,2 ,12 
AT04314,EMP0560,2026/08/01,22 ,20 ,2 ,2 
AT04315,EMP0561,2026/01/01,21 ,19 ,2 ,6 
AT04316,EMP0561,2026/02/01,22 ,22 ,0 ,12 
AT04317,EMP0561,2026/03/01,23 ,20 ,3 ,9 
AT04318,EMP0561,2026/04/01,22 ,22 ,0 ,15 
AT04319,EMP0561,2026/05/01,22 ,20 ,2 ,0 
AT04320,EMP0561,2026/06/01,21 ,20 ,1 ,13 
AT04321,EMP0561,2026/07/01,20 ,19 ,1 ,10 
AT04322,EMP0561,2026/08/01,21 ,21 ,0 ,7 
AT04323,EMP0562,2026/01/01,20 ,17 ,3 ,0 
AT04324,EMP0562,2026/02/01,21 ,20 ,1 ,12 
AT04325,EMP0562,2026/03/01,23 ,20 ,3 ,18 
AT04326,EMP0562,2026/04/01,22 ,21 ,1 ,0 
AT04327,EMP0562,2026/05/01,22 ,21 ,1 ,15 
AT04328,EMP0562,2026/06/01,23 ,22 ,1 ,13 
AT04329,EMP0562,2026/07/01,21 ,20 ,1 ,9 
AT04330,EMP0562,2026/08/01,20 ,18 ,2 ,13 
AT04331,EMP0563,2026/01/01,23 ,22 ,1 ,26 
AT04332,EMP0563,2026/02/01,23 ,19 ,4 ,5 
AT04333,EMP0563,2026/03/01,21 ,20 ,1 ,11 
AT04334,EMP0563,2026/04/01,22 ,20 ,2 ,16 
AT04335,EMP0563,2026/05/01,23 ,21 ,2 ,9 
AT04336,EMP0563,2026/06/01,22 ,20 ,2 ,17 
AT04337,EMP0563,2026/07/01,23 ,23 ,0 ,7 
AT04338,EMP0563,2026/08/01,21 ,21 ,0 ,1 
AT04339,EMP0564,2026/01/01,23 ,20 ,3 ,10 
AT04340,EMP0564,2026/02/01,20 ,18 ,2 ,13 
AT04341,EMP0564,2026/03/01,22 ,21 ,1 ,21 
AT04342,EMP0564,2026/04/01,23 ,23 ,0 ,11 
AT04343,EMP0564,2026/05/01,22 ,20 ,2 ,19 
AT04344,EMP0564,2026/06/01,23 ,20 ,3 ,18 
AT04345,EMP0564,2026/07/01,23 ,22 ,1 ,9 
AT04346,EMP0564,2026/08/01,21 ,19 ,2 ,16 
AT04347,EMP0565,2026/01/01,22 ,21 ,1 ,1 
AT04348,EMP0565,2026/02/01,22 ,19 ,3 ,9 
AT04349,EMP0565,2026/03/01,22 ,21 ,1 ,22 
AT04350,EMP0565,2026/04/01,22 ,21 ,1 ,19 
AT04351,EMP0565,2026/05/01,22 ,21 ,1 ,3 
AT04352,EMP0565,2026/06/01,21 ,20 ,1 ,0 
AT04353,EMP0565,2026/07/01,21 ,20 ,1 ,12 
AT04354,EMP0565,2026/08/01,23 ,21 ,2 ,21 
AT04355,EMP0566,2026/01/01,21 ,19 ,2 ,0 
AT04356,EMP0566,2026/02/01,20 ,19 ,1 ,11 
AT04357,EMP0566,2026/03/01,21 ,19 ,2 ,0 
AT04358,EMP0566,2026/04/01,23 ,23 ,0 ,6 
AT04359,EMP0566,2026/05/01,21 ,20 ,1 ,11 
AT04360,EMP0566,2026/06/01,23 ,21 ,2 ,5 
AT04361,EMP0566,2026/07/01,20 ,17 ,3 ,1 
AT04362,EMP0566,2026/08/01,23 ,20 ,3 ,15 
AT04363,EMP0567,2026/01/01,20 ,19 ,1 ,24 
AT04364,EMP0567,2026/02/01,20 ,20 ,0 ,4 
AT04365,EMP0567,2026/03/01,20 ,19 ,1 ,23 
AT04366,EMP0567,2026/04/01,22 ,19 ,3 ,5 
AT04367,EMP0567,2026/05/01,22 ,22 ,0 ,7 
AT04368,EMP0567,2026/06/01,23 ,19 ,4 ,7 
AT04369,EMP0567,2026/07/01,22 ,20 ,2 ,7 
AT04370,EMP0567,2026/08/01,20 ,19 ,1 ,10 
AT04371,EMP0568,2026/01/01,22 ,20 ,2 ,11 
AT04372,EMP0568,2026/02/01,23 ,21 ,2 ,12 
AT04373,EMP0568,2026/03/01,21 ,21 ,0 ,9 
AT04374,EMP0568,2026/04/01,22 ,22 ,0 ,17 
AT04375,EMP0568,2026/05/01,22 ,17 ,5 ,4 
AT04376,EMP0568,2026/06/01,22 ,22 ,0 ,12 
AT04377,EMP0568,2026/07/01,23 ,23 ,0 ,2 
AT04378,EMP0568,2026/08/01,23 ,22 ,1 ,8 
AT04379,EMP0569,2026/01/01,22 ,22 ,0 ,13 
AT04380,EMP0569,2026/02/01,21 ,20 ,1 ,13 
AT04381,EMP0569,2026/03/01,22 ,21 ,1 ,4 
AT04382,EMP0569,2026/04/01,22 ,22 ,0 ,17 
AT04383,EMP0569,2026/05/01,22 ,21 ,1 ,29 
AT04384,EMP0569,2026/06/01,22 ,22 ,0 ,12 
AT04385,EMP0569,2026/07/01,22 ,18 ,4 ,4 
AT04386,EMP0569,2026/08/01,20 ,20 ,0 ,5 
AT04387,EMP0570,2026/01/01,20 ,20 ,0 ,3 
AT04388,EMP0570,2026/02/01,22 ,19 ,3 ,24 
AT04389,EMP0570,2026/03/01,22 ,21 ,1 ,0 
AT04390,EMP0570,2026/04/01,22 ,19 ,3 ,5 
AT04391,EMP0570,2026/05/01,21 ,20 ,1 ,7 
AT04392,EMP0570,2026/06/01,21 ,19 ,2 ,5 
AT04393,EMP0570,2026/07/01,23 ,22 ,1 ,0 
AT04394,EMP0570,2026/08/01,23 ,22 ,1 ,21 
AT04395,EMP0571,2026/01/01,21 ,20 ,1 ,0 
AT04396,EMP0571,2026/02/01,21 ,19 ,2 ,14 
AT04397,EMP0571,2026/03/01,20 ,19 ,1 ,21 
AT04398,EMP0571,2026/04/01,20 ,18 ,2 ,6 
AT04399,EMP0571,2026/05/01,21 ,21 ,0 ,4 
AT04400,EMP0571,2026/06/01,21 ,21 ,0 ,0 
AT04401,EMP0571,2026/07/01,22 ,22 ,0 ,7 
AT04402,EMP0571,2026/08/01,23 ,20 ,3 ,14 
AT04403,EMP0572,2026/01/01,23 ,23 ,0 ,4 
AT04404,EMP0572,2026/02/01,22 ,21 ,1 ,14 
AT04405,EMP0572,2026/03/01,20 ,20 ,0 ,12 
AT04406,EMP0572,2026/04/01,21 ,18 ,3 ,15 
AT04407,EMP0572,2026/05/01,21 ,19 ,2 ,0 
AT04408,EMP0572,2026/06/01,23 ,20 ,3 ,17 
AT04409,EMP0572,2026/07/01,22 ,19 ,3 ,10 
AT04410,EMP0572,2026/08/01,20 ,18 ,2 ,12 
AT04411,EMP0573,2026/01/01,23 ,21 ,2 ,7 
AT04412,EMP0573,2026/02/01,22 ,21 ,1 ,0 
AT04413,EMP0573,2026/03/01,22 ,20 ,2 ,1 
AT04414,EMP0573,2026/04/01,21 ,18 ,3 ,17 
AT04415,EMP0573,2026/05/01,23 ,23 ,0 ,14 
AT04416,EMP0573,2026/06/01,22 ,21 ,1 ,18 
AT04417,EMP0573,2026/07/01,20 ,20 ,0 ,18 
AT04418,EMP0573,2026/08/01,23 ,22 ,1 ,8 
AT04419,EMP0574,2026/01/01,22 ,21 ,1 ,7 
AT04420,EMP0574,2026/02/01,22 ,21 ,1 ,12 
AT04421,EMP0574,2026/03/01,21 ,21 ,0 ,9 
AT04422,EMP0574,2026/04/01,23 ,20 ,3 ,8 
AT04423,EMP0574,2026/05/01,23 ,22 ,1 ,10 
AT04424,EMP0574,2026/06/01,20 ,20 ,0 ,5 
AT04425,EMP0574,2026/07/01,23 ,22 ,1 ,2 
AT04426,EMP0574,2026/08/01,20 ,19 ,1 ,17 
AT04427,EMP0575,2026/01/01,22 ,21 ,1 ,10 
AT04428,EMP0575,2026/02/01,23 ,20 ,3 ,11 
AT04429,EMP0575,2026/03/01,23 ,23 ,0 ,7 
AT04430,EMP0575,2026/04/01,22 ,21 ,1 ,29 
AT04431,EMP0575,2026/05/01,22 ,21 ,1 ,29 
AT04432,EMP0575,2026/06/01,21 ,21 ,0 ,24 
AT04433,EMP0575,2026/07/01,23 ,22 ,1 ,20 
AT04434,EMP0575,2026/08/01,22 ,20 ,2 ,19 
AT04435,EMP0576,2026/01/01,21 ,20 ,1 ,6 
AT04436,EMP0576,2026/02/01,21 ,19 ,2 ,17 
AT04437,EMP0576,2026/03/01,23 ,23 ,0 ,15 
AT04438,EMP0576,2026/04/01,21 ,20 ,1 ,8 
AT04439,EMP0576,2026/05/01,22 ,21 ,1 ,18 
AT04440,EMP0576,2026/06/01,23 ,21 ,2 ,9 
AT04441,EMP0576,2026/07/01,23 ,22 ,1 ,13 
AT04442,EMP0576,2026/08/01,22 ,22 ,0 ,15 
AT04443,EMP0577,2026/01/01,20 ,20 ,0 ,4 
AT04444,EMP0577,2026/02/01,20 ,18 ,2 ,6 
AT04445,EMP0577,2026/03/01,20 ,18 ,2 ,11 
AT04446,EMP0577,2026/04/01,23 ,21 ,2 ,3 
AT04447,EMP0577,2026/05/01,20 ,19 ,1 ,3 
AT04448,EMP0577,2026/06/01,21 ,19 ,2 ,20 
AT04449,EMP0577,2026/07/01,20 ,19 ,1 ,5 
AT04450,EMP0577,2026/08/01,21 ,18 ,3 ,0 
AT04451,EMP0578,2026/01/01,23 ,22 ,1 ,5 
AT04452,EMP0578,2026/02/01,22 ,21 ,1 ,3 
AT04453,EMP0578,2026/03/01,20 ,19 ,1 ,0 
AT04454,EMP0578,2026/04/01,23 ,21 ,2 ,14 
AT04455,EMP0578,2026/05/01,22 ,20 ,2 ,13 
AT04456,EMP0578,2026/06/01,20 ,18 ,2 ,14 
AT04457,EMP0578,2026/07/01,23 ,21 ,2 ,11 
AT04458,EMP0578,2026/08/01,20 ,20 ,0 ,2 
AT04459,EMP0579,2026/01/01,23 ,23 ,0 ,18 
AT04460,EMP0579,2026/02/01,22 ,22 ,0 ,6 
AT04461,EMP0579,2026/03/01,22 ,21 ,1 ,0 
AT04462,EMP0579,2026/04/01,20 ,19 ,1 ,5 
AT04463,EMP0579,2026/05/01,21 ,19 ,2 ,5 
AT04464,EMP0579,2026/06/01,21 ,18 ,3 ,10 
AT04465,EMP0579,2026/07/01,23 ,20 ,3 ,6 
AT04466,EMP0579,2026/08/01,22 ,20 ,2 ,7 
AT04467,EMP0580,2026/01/01,20 ,16 ,4 ,1 
AT04468,EMP0580,2026/02/01,23 ,23 ,0 ,7 
AT04469,EMP0580,2026/03/01,20 ,20 ,0 ,8 
AT04470,EMP0580,2026/04/01,23 ,21 ,2 ,11 
AT04471,EMP0580,2026/05/01,21 ,20 ,1 ,2 
AT04472,EMP0580,2026/06/01,22 ,20 ,2 ,19 
AT04473,EMP0580,2026/07/01,20 ,20 ,0 ,10 
AT04474,EMP0580,2026/08/01,21 ,21 ,0 ,8 
AT04475,EMP0581,2026/01/01,21 ,19 ,2 ,21 
AT04476,EMP0581,2026/02/01,21 ,21 ,0 ,16 
AT04477,EMP0581,2026/03/01,22 ,21 ,1 ,5 
AT04478,EMP0581,2026/04/01,23 ,22 ,1 ,18 
AT04479,EMP0581,2026/05/01,21 ,19 ,2 ,16 
AT04480,EMP0581,2026/06/01,21 ,21 ,0 ,8 
AT04481,EMP0581,2026/07/01,21 ,16 ,5 ,11 
AT04482,EMP0581,2026/08/01,20 ,19 ,1 ,20 
AT04483,EMP0582,2026/01/01,23 ,23 ,0 ,0 
AT04484,EMP0582,2026/02/01,22 ,20 ,2 ,18 
AT04485,EMP0582,2026/03/01,22 ,21 ,1 ,0 
AT04486,EMP0582,2026/04/01,20 ,18 ,2 ,2 
AT04487,EMP0582,2026/05/01,20 ,19 ,1 ,6 
AT04488,EMP0582,2026/06/01,21 ,20 ,1 ,10 
AT04489,EMP0582,2026/07/01,23 ,22 ,1 ,18 
AT04490,EMP0582,2026/08/01,22 ,22 ,0 ,14 
AT04491,EMP0583,2026/01/01,21 ,20 ,1 ,12 
AT04492,EMP0583,2026/02/01,20 ,19 ,1 ,16 
AT04493,EMP0583,2026/03/01,21 ,21 ,0 ,29 
AT04494,EMP0583,2026/04/01,21 ,20 ,1 ,16 
AT04495,EMP0583,2026/05/01,21 ,21 ,0 ,25 
AT04496,EMP0583,2026/06/01,20 ,20 ,0 ,8 
AT04497,EMP0583,2026/07/01,21 ,19 ,2 ,14 
AT04498,EMP0583,2026/08/01,22 ,22 ,0 ,0 
AT04499,EMP0584,2026/01/01,20 ,17 ,3 ,7 
AT04500,EMP0584,2026/02/01,21 ,19 ,2 ,9 
AT04501,EMP0584,2026/03/01,20 ,20 ,0 ,3 
AT04502,EMP0584,2026/04/01,22 ,22 ,0 ,14 
AT04503,EMP0584,2026/05/01,23 ,22 ,1 ,10 
AT04504,EMP0584,2026/06/01,23 ,22 ,1 ,12 
AT04505,EMP0584,2026/07/01,23 ,22 ,1 ,19 
AT04506,EMP0584,2026/08/01,21 ,20 ,1 ,0 
AT04507,EMP0586,2026/01/01,23 ,21 ,2 ,9 
AT04508,EMP0586,2026/02/01,22 ,22 ,0 ,0 
AT04509,EMP0586,2026/03/01,22 ,22 ,0 ,9 
AT04510,EMP0586,2026/04/01,21 ,20 ,1 ,23 
AT04511,EMP0586,2026/05/01,21 ,19 ,2 ,10 
AT04512,EMP0586,2026/06/01,20 ,20 ,0 ,7 
AT04513,EMP0586,2026/07/01,20 ,19 ,1 ,20 
AT04514,EMP0586,2026/08/01,20 ,17 ,3 ,12 
AT04515,EMP0588,2026/01/01,21 ,20 ,1 ,10 
AT04516,EMP0588,2026/02/01,22 ,22 ,0 ,1 
AT04517,EMP0588,2026/03/01,22 ,21 ,1 ,9 
AT04518,EMP0588,2026/04/01,21 ,19 ,2 ,0 
AT04519,EMP0588,2026/05/01,21 ,20 ,1 ,4 
AT04520,EMP0588,2026/06/01,22 ,20 ,2 ,25 
AT04521,EMP0588,2026/07/01,22 ,22 ,0 ,0 
AT04522,EMP0588,2026/08/01,21 ,21 ,0 ,3 
AT04523,EMP0589,2026/01/01,23 ,22 ,1 ,10 
AT04524,EMP0589,2026/02/01,22 ,19 ,3 ,5 
AT04525,EMP0589,2026/03/01,21 ,20 ,1 ,13 
AT04526,EMP0589,2026/04/01,20 ,18 ,2 ,15 
AT04527,EMP0589,2026/05/01,22 ,22 ,0 ,9 
AT04528,EMP0589,2026/06/01,20 ,20 ,0 ,7 
AT04529,EMP0589,2026/07/01,23 ,21 ,2 ,11 
AT04530,EMP0589,2026/08/01,23 ,20 ,3 ,5 
AT04531,EMP0590,2026/01/01,20 ,19 ,1 ,10 
AT04532,EMP0590,2026/02/01,20 ,18 ,2 ,16 
AT04533,EMP0590,2026/03/01,21 ,17 ,4 ,14 
AT04534,EMP0590,2026/04/01,23 ,21 ,2 ,2 
AT04535,EMP0590,2026/05/01,23 ,22 ,1 ,12 
AT04536,EMP0590,2026/06/01,22 ,21 ,1 ,0 
AT04537,EMP0590,2026/07/01,22 ,20 ,2 ,23 
AT04538,EMP0590,2026/08/01,21 ,21 ,0 ,6 
AT04539,EMP0591,2026/01/01,20 ,18 ,2 ,9 
AT04540,EMP0591,2026/02/01,23 ,22 ,1 ,5 
AT04541,EMP0591,2026/03/01,20 ,18 ,2 ,8 
AT04542,EMP0591,2026/04/01,22 ,21 ,1 ,12 
AT04543,EMP0591,2026/05/01,20 ,18 ,2 ,0 
AT04544,EMP0591,2026/06/01,20 ,20 ,0 ,13 
AT04545,EMP0591,2026/07/01,21 ,19 ,2 ,13 
AT04546,EMP0591,2026/08/01,23 ,23 ,0 ,6 
AT04547,EMP0592,2026/01/01,20 ,19 ,1 ,12 
AT04548,EMP0592,2026/02/01,21 ,20 ,1 ,10 
AT04549,EMP0592,2026/03/01,23 ,20 ,3 ,14 
AT04550,EMP0592,2026/04/01,20 ,19 ,1 ,25 
AT04551,EMP0592,2026/05/01,21 ,21 ,0 ,0 
AT04552,EMP0592,2026/06/01,23 ,22 ,1 ,8 
AT04553,EMP0592,2026/07/01,21 ,20 ,1 ,11 
AT04554,EMP0592,2026/08/01,23 ,19 ,4 ,15 
AT04555,EMP0593,2026/01/01,22 ,22 ,0 ,6 
AT04556,EMP0593,2026/02/01,20 ,17 ,3 ,25 
AT04557,EMP0593,2026/03/01,23 ,22 ,1 ,0 
AT04558,EMP0593,2026/04/01,20 ,19 ,1 ,3 
AT04559,EMP0593,2026/05/01,22 ,19 ,3 ,6 
AT04560,EMP0593,2026/06/01,23 ,23 ,0 ,7 
AT04561,EMP0593,2026/07/01,21 ,19 ,2 ,9 
AT04562,EMP0593,2026/08/01,21 ,21 ,0 ,1 
AT04563,EMP0594,2026/01/01,21 ,20 ,1 ,19 
AT04564,EMP0594,2026/02/01,21 ,20 ,1 ,21 
AT04565,EMP0594,2026/03/01,20 ,20 ,0 ,10 
AT04566,EMP0594,2026/04/01,23 ,22 ,1 ,6 
AT04567,EMP0594,2026/05/01,23 ,20 ,3 ,11 
AT04568,EMP0594,2026/06/01,22 ,22 ,0 ,13 
AT04569,EMP0594,2026/07/01,20 ,19 ,1 ,15 
AT04570,EMP0594,2026/08/01,23 ,23 ,0 ,13 
AT04571,EMP0595,2026/01/01,21 ,20 ,1 ,1 
AT04572,EMP0595,2026/02/01,22 ,20 ,2 ,4 
AT04573,EMP0595,2026/03/01,21 ,18 ,3 ,9 
AT04574,EMP0595,2026/04/01,23 ,19 ,4 ,18 
AT04575,EMP0595,2026/05/01,20 ,19 ,1 ,5 
AT04576,EMP0595,2026/06/01,20 ,18 ,2 ,5 
AT04577,EMP0595,2026/07/01,20 ,17 ,3 ,0 
AT04578,EMP0595,2026/08/01,20 ,20 ,0 ,12 
AT04579,EMP0596,2026/01/01,20 ,19 ,1 ,17 
AT04580,EMP0596,2026/02/01,23 ,22 ,1 ,19 
AT04581,EMP0596,2026/03/01,22 ,21 ,1 ,12 
AT04582,EMP0596,2026/04/01,23 ,22 ,1 ,4 
AT04583,EMP0596,2026/05/01,21 ,18 ,3 ,12 
AT04584,EMP0596,2026/06/01,20 ,20 ,0 ,10 
AT04585,EMP0596,2026/07/01,23 ,20 ,3 ,8 
AT04586,EMP0596,2026/08/01,20 ,18 ,2 ,2 
AT04587,EMP0597,2026/01/01,22 ,22 ,0 ,20 
AT04588,EMP0597,2026/02/01,22 ,21 ,1 ,4 
AT04589,EMP0597,2026/03/01,20 ,20 ,0 ,5 
AT04590,EMP0597,2026/04/01,20 ,19 ,1 ,0 
AT04591,EMP0597,2026/05/01,21 ,19 ,2 ,2 
AT04592,EMP0597,2026/06/01,22 ,20 ,2 ,16 
AT04593,EMP0597,2026/07/01,23 ,21 ,2 ,13 
AT04594,EMP0597,2026/08/01,21 ,20 ,1 ,0 
AT04595,EMP0598,2026/01/01,22 ,22 ,0 ,12 
AT04596,EMP0598,2026/02/01,22 ,21 ,1 ,3 
AT04597,EMP0598,2026/03/01,20 ,17 ,3 ,3 
AT04598,EMP0598,2026/04/01,21 ,21 ,0 ,16 
AT04599,EMP0598,2026/05/01,21 ,20 ,1 ,14 
AT04600,EMP0598,2026/06/01,20 ,19 ,1 ,3 
AT04601,EMP0598,2026/07/01,22 ,22 ,0 ,15 
AT04602,EMP0598,2026/08/01,20 ,18 ,2 ,5 
AT04603,EMP0599,2026/01/01,23 ,23 ,0 ,18 
AT04604,EMP0599,2026/02/01,23 ,21 ,2 ,1 
AT04605,EMP0599,2026/03/01,20 ,19 ,1 ,16 
AT04606,EMP0599,2026/04/01,20 ,19 ,1 ,12 
AT04607,EMP0599,2026/05/01,21 ,21 ,0 ,13 
AT04608,EMP0599,2026/06/01,22 ,20 ,2 ,11 
AT04609,EMP0599,2026/07/01,20 ,20 ,0 ,4 
AT04610,EMP0599,2026/08/01,22 ,22 ,0 ,10 
AT04611,EMP0600,2026/01/01,21 ,20 ,1 ,9 
AT04612,EMP0600,2026/02/01,20 ,20 ,0 ,10 
AT04613,EMP0600,2026/03/01,23 ,22 ,1 ,4 
AT04614,EMP0600,2026/04/01,20 ,16 ,4 ,15 
AT04615,EMP0600,2026/05/01,23 ,20 ,3 ,6 
AT04616,EMP0600,2026/06/01,22 ,21 ,1 ,14 
AT04617,EMP0600,2026/07/01,22 ,22 ,0 ,17 
AT04618,EMP0600,2026/08/01,21 ,21 ,0 ,1 